4,8,39.93,116.28,39.93,116.28
4,20,39.73,116.56,39.73,116.56
1,20,39.87,116.49,39.89,116.48
4,15,39.85,116.38,39.85,116.37
1,10,39.85,116.36,39.85,116.35
0,10,39.87,116.43,39.86,116.43
1,19,40.0,116.48,40.0,116.47
6,7,40.11,116.28,40.1,116.31
1,20,40.03,116.33,40.04,116.32
3,19,39.89,116.44,39.88,116.44
3,8,39.97,116.32,39.96,116.31
6,16,39.99,116.34,39.98,116.35
3,19,39.91,116.63,39.91,116.63
6,19,40.05,116.37,40.05,116.37
0,14,39.94,116.33,39.93,116.33
3,11,39.97,116.42,39.97,116.42
3,10,40.19,116.24,40.19,116.24
6,23,39.96,116.42,39.96,116.43
1,12,39.93,116.6,39.92,116.6
5,9,39.86,116.42,39.86,116.43
3,17,39.9,116.23,39.89,116.23
6,8,39.84,116.38,39.84,116.37
1,8,39.82,116.5,39.82,116.49
0,10,39.91,116.5,39.92,116.49
1,18,39.71,116.58,39.71,116.58
1,7,40.03,116.37,40.04,116.36
1,20,40.01,116.35,40.01,116.35
2,0,39.87,116.51,39.86,116.51
6,9,39.85,116.45,39.85,116.45
6,16,39.92,116.56,39.92,116.56
0,16,39.86,116.5,39.86,116.51
1,22,39.97,116.44,39.96,116.44
0,19,39.96,116.45,39.96,116.45
5,8,39.9,116.61,39.9,116.6
5,8,39.87,116.32,39.87,116.32
1,8,39.91,116.47,39.9,116.49
2,8,39.99,116.47,39.98,116.47
6,15,39.93,116.33,39.93,116.33
6,8,39.89,116.46,39.89,116.46
4,7,40.03,116.54,40.04,116.54
4,17,39.98,116.35,39.98,116.35
6,16,39.75,116.31,39.75,116.31
4,8,39.89,116.3,39.88,116.33
4,8,39.91,116.25,39.91,116.25
6,6,39.82,116.42,39.82,116.42
6,10,39.96,116.38,39.95,116.38
0,8,39.86,116.42,39.85,116.45
5,13,39.81,116.19,39.81,116.19
6,10,39.96,116.42,39.96,116.44
3,8,39.81,116.4,39.81,116.42
4,19,40.02,116.37,40.04,116.37
2,20,39.93,116.2,39.92,116.2
3,18,39.76,116.45,39.76,116.45
4,7,40.01,116.55,40.0,116.55
6,11,40.11,116.28,40.1,116.28
5,7,40.08,116.31,40.08,116.31
0,12,40.12,116.26,40.12,116.25
3,12,39.81,116.55,39.82,116.55
5,17,39.91,116.43,39.91,116.42
4,12,39.91,116.41,39.91,116.41
4,8,39.93,116.28,39.93,116.28
3,19,39.9,116.37,39.89,116.38
1,11,39.96,116.41,39.96,116.41
2,12,39.83,116.29,39.83,116.3
3,9,39.84,116.32,39.85,116.31
3,19,39.99,116.34,39.99,116.35
0,9,39.99,116.47,40.0,116.47
2,18,39.94,116.2,39.94,116.2
4,17,39.91,116.38,39.9,116.38
2,7,39.88,116.48,39.88,116.48
0,8,39.93,116.47,39.92,116.47
0,20,39.85,116.36,39.84,116.37
0,21,39.91,116.5,39.92,116.49
1,7,39.84,116.38,39.84,116.37
6,20,40.0,116.48,39.99,116.47
0,7,39.85,116.38,39.85,116.38
2,7,39.84,116.43,39.85,116.43
4,18,39.92,116.47,39.93,116.46
6,19,39.77,116.51,39.77,116.5
3,18,40.01,116.33,40.0,116.33
6,16,39.81,116.51,39.81,116.51
6,10,39.74,116.14,39.73,116.13
4,7,39.82,116.3,39.82,116.29
4,20,39.93,116.48,39.93,116.5
1,17,39.97,116.49,39.98,116.49
5,16,39.91,116.19,39.9,116.19
5,7,40.1,116.31,40.09,116.31
5,13,40.0,116.35,40.0,116.35
3,16,39.92,116.36,39.91,116.38
6,18,40.08,116.36,40.08,116.35
1,21,39.92,116.56,39.92,116.55
3,16,39.9,116.15,39.9,116.14
5,22,39.84,116.47,39.84,116.47
2,15,39.75,116.54,39.75,116.55
6,8,39.79,116.37,39.81,116.37
3,19,39.91,116.3,39.91,116.3
6,7,39.97,116.44,39.97,116.44
1,8,39.95,116.24,39.95,116.29
4,5,39.88,116.36,39.88,116.38
0,20,40.06,116.41,40.06,116.41
5,14,39.93,116.58,39.93,116.58
4,9,39.92,116.5,39.93,116.49
4,6,39.75,116.53,39.78,116.52
0,17,39.87,116.36,39.88,116.35
4,16,39.97,116.49,39.97,116.5
3,19,39.91,116.5,39.9,116.49
1,8,39.93,116.64,39.92,116.64
4,18,39.81,116.37,39.81,116.36
5,20,40.03,116.35,40.02,116.34
2,20,39.84,116.41,39.84,116.41
1,7,39.97,116.41,39.97,116.42
6,11,39.91,116.48,39.9,116.48
1,18,39.9,116.6,39.9,116.59
2,13,39.97,116.41,39.97,116.41
1,20,39.91,116.37,39.92,116.37
3,17,39.82,116.55,39.83,116.54
3,21,39.84,116.4,39.84,116.4
2,6,40.03,116.45,40.03,116.44
0,13,39.9,116.42,39.9,116.42
6,16,39.92,116.47,39.92,116.47
1,11,39.85,116.47,39.87,116.46
3,14,39.84,116.24,39.85,116.24
6,21,39.96,116.29,39.96,116.29
1,23,39.82,116.51,39.82,116.51
4,12,39.91,116.19,39.91,116.19
5,11,39.84,116.39,39.84,116.39
1,11,39.92,116.27,39.91,116.27
6,20,39.85,116.48,39.84,116.48
5,12,40.0,116.47,40.02,116.47
1,8,39.91,116.34,39.91,116.33
0,19,39.97,116.41,39.98,116.4
1,19,39.95,116.37,39.95,116.35
5,17,39.91,116.23,39.91,116.23
1,19,39.89,116.33,39.88,116.32
5,15,39.99,116.46,39.99,116.46
3,8,40.0,116.46,40.0,116.49
0,22,39.8,116.47,39.79,116.48
4,8,39.98,116.34,39.98,116.33
6,21,39.93,116.19,39.93,116.19
0,8,39.85,116.43,39.85,116.43
1,17,39.98,116.34,39.97,116.35
6,21,39.98,116.41,39.98,116.41
4,16,39.94,116.76,39.95,116.76
4,8,39.91,116.58,39.91,116.6
5,20,40.06,116.41,40.06,116.41
4,16,39.93,116.18,39.93,116.18
6,16,39.93,116.56,39.92,116.57
3,17,39.93,116.45,39.93,116.46
1,12,39.87,116.48,39.89,116.48
1,16,39.86,116.43,39.86,116.44
1,13,39.81,116.55,39.81,116.55
1,17,39.89,116.7,39.91,116.69
3,10,39.91,116.19,39.91,116.19
4,14,39.88,116.31,39.88,116.3
4,9,39.93,116.42,39.93,116.41
1,7,39.8,116.29,39.82,116.29
0,12,39.89,116.61,39.89,116.61
0,20,40.1,116.37,40.1,116.37
5,9,40.09,116.34,40.09,116.35
1,17,39.92,116.36,39.92,116.36
5,19,39.92,116.2,39.91,116.2
3,12,39.98,116.42,39.98,116.42
1,14,39.88,116.35,39.87,116.35
3,7,39.92,116.29,39.91,116.29
6,19,39.96,116.49,39.96,116.51
1,8,39.92,116.52,39.93,116.52
0,11,39.93,116.11,39.94,116.1
1,7,40.08,116.35,40.07,116.36
4,12,39.91,116.19,39.91,116.18
6,7,39.97,116.51,39.96,116.51
6,5,39.76,116.56,39.76,116.56
6,9,39.9,116.58,39.91,116.58
4,19,39.89,116.3,39.89,116.3
0,13,39.91,116.38,39.91,116.38
3,18,39.98,116.44,39.98,116.43
5,17,39.84,116.3,39.83,116.3
6,11,39.95,116.58,39.96,116.58
6,14,39.87,116.44,39.87,116.44
2,13,40.03,116.58,40.03,116.58
5,20,39.93,116.18,39.93,116.17
0,19,39.86,116.39,39.86,116.39
2,15,39.84,116.37,39.84,116.37
3,11,39.96,116.31,39.96,116.31
2,21,39.89,116.38,39.89,116.39
6,7,39.98,116.43,39.99,116.42
6,20,40.1,116.31,40.11,116.3
0,7,39.91,116.5,39.91,116.5
2,18,39.81,116.37,39.81,116.36
2,17,39.96,116.47,39.95,116.46
4,7,39.93,116.53,39.94,116.52
4,12,39.93,116.1,39.93,116.1
4,7,39.91,116.52,39.91,116.51
2,14,39.88,116.68,39.88,116.69
4,7,39.82,116.5,39.81,116.51
3,7,40.0,116.41,40.0,116.41
3,5,39.84,116.52,39.84,116.51
1,16,39.94,116.29,39.94,116.29
1,13,39.86,116.54,39.86,116.54
2,17,39.89,116.47,39.89,116.47
1,19,39.92,116.48,39.92,116.49
3,7,39.74,116.14,39.74,116.14
6,16,39.86,116.18,39.85,116.19
1,7,39.92,116.24,39.91,116.26
1,7,39.86,116.53,39.86,116.53
6,8,39.96,116.51,39.96,116.5
5,10,40.15,116.8,40.15,116.8
0,12,39.92,116.36,39.92,116.36
0,12,40.02,116.28,40.03,116.28
5,18,39.94,116.32,39.93,116.31
5,8,39.89,116.21,39.89,116.2
1,8,39.79,116.43,39.79,116.42
5,21,40.08,116.35,40.08,116.35
1,13,39.99,116.36,39.98,116.35
5,12,39.82,116.29,39.83,116.28
4,8,39.85,116.3,39.84,116.3
0,9,39.93,116.5,39.92,116.5
1,17,39.92,116.58,39.92,116.58
0,17,39.91,116.37,39.9,116.37
1,13,39.99,116.37,39.99,116.37
3,7,39.93,116.11,39.92,116.11
3,7,39.84,116.42,39.85,116.41
1,21,39.73,116.56,39.74,116.55
3,16,39.88,116.47,39.88,116.46
3,9,40.01,116.48,40.01,116.48
6,15,39.97,116.45,39.97,116.45
1,8,39.96,116.27,39.96,116.28
3,19,39.9,116.36,39.9,116.36
3,8,39.85,116.31,39.85,116.31
1,17,39.9,116.68,39.9,116.68
6,8,39.85,116.4,39.86,116.4
0,18,39.92,116.5,39.96,116.5
6,10,39.85,116.4,39.85,116.39
5,15,39.87,116.41,39.87,116.42
0,19,39.74,116.15,39.74,116.14
0,19,39.85,116.44,39.85,116.43
0,18,39.85,116.39,39.84,116.38
2,13,39.89,116.32,39.89,116.32
3,14,39.79,116.51,39.8,116.51
0,21,40.08,116.36,40.09,116.36
1,12,39.72,116.18,39.72,116.17
4,7,39.93,116.21,39.93,116.21
0,10,39.97,116.3,39.97,116.3
0,10,39.95,116.41,39.94,116.41
1,18,39.86,116.54,39.85,116.55
6,10,40.04,116.35,40.04,116.34
6,19,39.85,116.7,39.86,116.7
5,0,40.08,116.51,40.1,116.5
3,17,39.92,116.43,39.91,116.44
3,6,39.98,116.42,39.98,116.43
5,9,40.05,116.35,40.04,116.35
6,12,39.91,116.21,39.91,116.2
3,17,40.03,116.28,40.04,116.27
3,18,39.95,116.47,39.95,116.47
1,6,39.85,116.39,39.85,116.4
2,13,39.87,116.37,39.89,116.37
6,19,39.84,116.63,39.84,116.62
1,13,39.93,116.44,39.93,116.44
2,18,39.89,116.33,39.89,116.33
1,7,39.91,116.69,39.9,116.69
3,6,39.85,116.19,39.85,116.19
3,18,39.81,116.37,39.8,116.37
4,8,39.91,116.47,39.91,116.47
3,17,39.91,116.46,39.91,116.46
2,5,40.0,116.47,40.0,116.47
1,15,39.94,116.37,39.95,116.37
3,20,39.83,116.47,39.83,116.47
3,6,39.98,116.25,39.98,116.24
4,17,39.95,116.33,39.94,116.33
5,9,39.8,116.47,39.81,116.46
4,9,39.96,116.14,39.95,116.13
2,18,39.96,116.32,39.98,116.32
3,19,39.99,116.46,39.98,116.46
6,12,39.96,116.5,39.96,116.49
3,15,39.89,116.23,39.88,116.23
3,7,39.92,116.57,39.92,116.57
2,6,39.91,116.35,39.94,116.35
2,6,39.83,116.45,39.84,116.45
1,19,39.96,116.35,39.96,116.34
2,9,40.04,116.31,40.04,116.31
1,13,39.94,116.36,39.93,116.36
0,10,39.86,116.43,39.86,116.43
6,11,40.15,116.41,40.15,116.41
2,21,39.74,116.37,39.74,116.37
1,16,39.9,116.31,39.89,116.34
1,18,39.79,116.36,39.8,116.35
2,6,39.89,116.12,39.89,116.12
3,6,39.94,116.45,39.96,116.44
2,17,40.04,116.41,40.05,116.41
0,7,39.99,116.36,39.98,116.37
3,20,40.07,116.24,40.09,116.23
0,18,39.83,116.34,39.84,116.33
4,17,39.95,116.36,39.94,116.36
5,6,39.8,116.34,39.8,116.34
4,20,39.85,116.38,39.85,116.38
5,13,39.89,116.43,39.89,116.43
2,8,39.85,116.38,39.85,116.38
1,21,39.87,116.5,39.87,116.51
4,22,39.96,116.21,39.96,116.21
4,9,39.97,116.46,39.97,116.45
1,17,39.97,116.32,39.98,116.31
4,12,39.97,116.31,39.97,116.32
4,8,40.0,116.48,39.99,116.48
1,7,40.06,116.34,40.07,116.33
1,10,39.96,116.27,39.95,116.27
1,17,39.9,116.32,39.9,116.32
4,0,39.85,116.42,39.84,116.41
3,19,39.81,116.42,39.81,116.42
0,17,39.91,116.45,39.93,116.45
4,14,39.77,116.59,39.76,116.58
2,7,40.04,116.42,40.04,116.43
6,9,40.01,116.41,40.0,116.42
0,14,39.73,116.57,39.73,116.57
5,9,39.81,116.43,39.81,116.44
2,8,39.85,116.39,39.85,116.39
3,18,40.02,116.47,40.02,116.47
3,12,39.81,116.4,39.8,116.4
3,6,39.8,116.34,39.81,116.34
6,16,39.9,116.27,39.89,116.27
0,22,39.92,116.3,39.91,116.3
3,22,39.78,116.34,39.77,116.37
6,19,40.0,116.42,40.0,116.41
3,13,39.9,116.5,39.9,116.49
1,10,39.92,116.52,39.92,116.53
2,8,39.91,116.55,39.91,116.56
0,19,39.98,116.32,39.98,116.31
2,14,39.91,116.45,39.91,116.45
0,8,39.86,116.42,39.85,116.41
6,21,39.85,116.44,39.85,116.44
1,18,39.85,116.4,39.84,116.41
5,15,39.89,116.36,39.88,116.36
3,8,39.82,116.45,39.83,116.45
1,6,39.92,116.34,39.91,116.35
4,12,39.89,116.28,39.89,116.27
1,18,39.94,116.42,39.94,116.42
3,6,39.84,116.43,39.85,116.43
3,19,40.06,116.25,40.07,116.25
0,16,39.72,116.58,39.72,116.59
3,17,39.87,116.38,39.88,116.37
4,18,39.9,116.47,39.9,116.47
1,17,39.87,116.44,39.86,116.44
1,20,40.07,116.31,40.07,116.31
5,17,39.9,116.58,39.9,116.58
1,15,39.9,116.39,39.89,116.41
0,7,39.93,116.58,39.93,116.58
5,23,39.9,116.53,39.9,116.53
5,16,39.94,116.31,39.93,116.31
5,8,40.0,116.42,40.0,116.43
1,12,40.11,116.47,40.11,116.47
3,17,39.93,116.46,39.92,116.46
5,13,40.07,116.34,40.07,116.34
4,10,39.92,116.43,39.91,116.42
0,19,39.97,116.28,39.96,116.28
1,16,39.98,116.49,39.98,116.48
2,9,39.94,116.67,39.93,116.67
2,7,39.9,116.21,39.9,116.22
5,8,39.93,116.51,39.94,116.5
3,15,39.89,116.53,39.88,116.54
3,8,39.98,116.39,39.98,116.39
3,14,39.91,116.34,39.91,116.33
6,15,39.74,116.61,39.73,116.61
6,18,39.75,116.32,39.76,116.31
3,15,39.9,116.4,39.9,116.4
3,7,39.88,116.47,39.87,116.47
2,17,39.85,116.49,39.85,116.48
4,8,39.9,116.39,39.9,116.38
0,18,39.87,116.46,39.87,116.47
1,18,39.84,116.28,39.83,116.29
6,15,40.16,116.63,40.16,116.63
0,9,39.91,116.25,39.9,116.25
5,15,40.09,116.33,40.08,116.33
2,19,39.8,116.43,39.79,116.43
2,15,39.91,116.19,39.9,116.19
1,6,39.99,116.47,39.99,116.47
3,13,39.93,116.31,39.93,116.3
3,19,39.91,116.5,39.9,116.51
6,20,39.78,116.54,39.77,116.54
5,17,39.9,116.24,39.9,116.24
6,11,40.06,116.31,40.07,116.31
2,7,39.86,116.5,39.87,116.5
1,7,39.92,116.48,39.92,116.48
3,6,39.82,116.31,39.83,116.3
5,6,40.03,116.28,40.03,116.27
1,12,39.75,116.59,39.77,116.58
2,17,39.95,116.23,39.96,116.23
3,8,39.88,116.3,39.88,116.31
4,15,39.92,116.46,39.91,116.47
4,18,40.0,116.48,39.99,116.48
4,7,39.83,116.35,39.82,116.34
4,8,39.91,116.21,39.91,116.23
1,6,40.08,116.37,40.08,116.36
1,8,39.94,116.11,39.93,116.1
5,13,39.92,116.53,39.91,116.52
3,22,39.98,116.44,39.98,116.44
0,7,39.91,116.36,39.91,116.35
6,19,39.89,116.28,39.89,116.28
4,6,39.93,116.18,39.93,116.18
0,19,39.8,116.57,39.79,116.59
2,6,40.05,116.37,40.05,116.37
1,12,39.87,116.47,39.87,116.46
6,12,39.79,116.33,39.78,116.33
6,14,39.81,116.39,39.81,116.4
0,12,39.83,116.29,39.83,116.28
1,11,39.79,116.51,39.78,116.5
6,10,39.87,116.4,39.86,116.4
3,17,39.84,116.38,39.84,116.37
1,23,39.85,116.53,39.85,116.54
3,8,40.08,116.33,40.08,116.34
0,19,39.93,116.36,39.93,116.36
5,21,39.91,116.41,39.91,116.42
0,6,39.95,116.36,39.94,116.36
6,20,39.73,116.57,39.73,116.56
3,7,39.89,116.17,39.89,116.18
3,8,40.08,116.35,40.07,116.36
3,16,39.9,116.21,39.9,116.21
1,8,40.11,116.38,40.11,116.38
5,13,39.97,116.49,39.96,116.49
5,15,39.84,116.47,39.84,116.47
5,13,39.9,116.44,39.89,116.46
1,22,39.84,116.4,39.85,116.39
2,7,39.84,116.41,39.85,116.4
1,13,39.99,116.37,39.98,116.37
0,17,39.94,116.64,39.93,116.64
4,13,39.94,116.1,39.93,116.1
3,18,39.91,116.47,39.91,116.46
3,12,39.91,116.25,39.92,116.25
5,11,39.91,116.36,39.94,116.35
0,9,39.91,116.51,39.9,116.51
4,8,39.81,116.45,39.81,116.46
4,17,39.77,116.45,39.77,116.45
5,9,39.82,116.29,39.82,116.29
4,10,39.92,116.52,39.92,116.52
1,9,39.87,116.52,39.86,116.51
6,7,40.08,116.44,40.07,116.44
2,12,40.2,116.45,40.21,116.44
4,16,39.93,116.44,39.93,116.44
3,0,39.8,116.34,39.8,116.34
2,7,39.93,116.58,39.93,116.58
4,7,39.98,116.39,39.98,116.39
2,21,40.06,116.37,40.06,116.37
0,8,39.84,116.44,39.84,116.45
6,16,39.91,116.37,39.9,116.37
6,18,39.96,116.33,39.97,116.33
0,20,39.76,116.55,39.76,116.55
4,12,39.91,116.17,39.9,116.17
0,6,39.92,116.64,39.93,116.64
5,17,39.85,116.41,39.85,116.41
1,0,39.95,116.32,39.96,116.32
2,15,40.04,116.35,40.03,116.34
6,10,40.06,116.25,40.06,116.25
1,22,39.87,116.68,39.86,116.69
2,7,39.89,116.6,39.91,116.6
0,11,39.97,116.28,39.96,116.29
1,7,39.82,116.37,39.81,116.37
0,19,40.03,116.48,40.04,116.48
3,8,39.89,116.48,39.9,116.47
3,18,39.94,116.4,39.94,116.39
4,7,39.83,116.55,39.82,116.55
0,16,40.02,116.55,40.01,116.6
3,12,39.91,116.45,39.94,116.44
4,11,39.91,116.33,39.9,116.33
5,8,39.85,116.45,39.86,116.44
3,12,39.85,116.38,39.85,116.38
6,13,39.93,116.19,39.93,116.19
6,14,39.9,116.23,39.91,116.23
3,7,39.94,116.44,39.95,116.43
1,14,39.92,116.28,39.91,116.28
5,10,39.81,116.53,39.81,116.52
4,18,39.79,116.48,39.8,116.48
4,12,39.95,116.28,39.96,116.28
2,7,39.89,116.38,39.89,116.38
2,22,39.86,116.31,39.86,116.31
5,22,40.07,116.43,40.06,116.44
2,12,39.97,116.39,39.97,116.39
3,6,39.95,116.59,39.95,116.6
2,21,39.91,116.34,39.91,116.33
4,6,40.04,116.43,40.05,116.43
3,20,39.94,116.12,39.94,116.12
2,9,39.93,116.45,39.94,116.45
3,19,39.81,116.43,39.83,116.42
2,6,40.06,116.33,40.06,116.35
5,17,39.91,116.46,39.91,116.46
5,8,39.96,116.29,39.96,116.28
3,17,39.86,116.68,39.88,116.68
4,8,39.89,116.5,39.9,116.5
6,21,39.97,116.31,39.97,116.3
1,20,39.89,116.48,39.88,116.48
3,6,39.8,116.5,39.81,116.49
5,18,40.03,116.44,40.04,116.43
3,6,39.88,116.37,39.88,116.36
3,19,39.91,116.69,39.91,116.7
1,7,39.91,116.34,39.91,116.34
1,12,39.9,116.23,39.9,116.23
5,12,40.14,116.44,40.13,116.43
5,16,39.93,116.34,39.93,116.33
4,19,39.93,116.62,39.92,116.62
5,11,39.76,116.56,39.75,116.55
0,11,39.87,116.44,39.87,116.44
5,11,39.88,116.51,39.87,116.5
3,7,40.01,116.39,40.01,116.38
4,12,39.95,116.38,39.94,116.38
1,8,39.77,116.54,39.77,116.53
1,16,39.99,116.32,39.98,116.33
3,19,40.0,116.36,39.99,116.35
3,7,39.96,116.25,39.96,116.25
4,17,39.67,116.07,39.67,116.07
5,18,39.91,116.42,39.91,116.42
3,17,40.04,116.31,40.05,116.31
0,17,39.69,116.41,39.69,116.43
1,23,39.87,116.48,39.89,116.48
6,16,40.13,116.62,40.13,116.61
0,17,39.97,116.33,39.96,116.32
5,14,39.87,116.41,39.87,116.42
4,16,39.9,116.48,39.89,116.48
2,18,39.86,116.37,39.85,116.37
0,18,39.92,116.5,39.92,116.51
0,12,39.86,116.44,39.86,116.43
0,7,39.96,116.27,39.96,116.29
4,22,39.85,116.45,39.85,116.44
0,18,39.93,116.5,39.95,116.5
4,12,40.14,116.16,40.13,116.16
3,7,39.9,116.2,39.91,116.2
3,8,39.84,116.38,39.83,116.37
3,8,39.91,116.47,39.92,116.47
2,7,39.87,116.47,39.87,116.46
3,18,39.86,116.37,39.86,116.37
6,18,39.89,116.48,39.9,116.47
5,5,39.84,116.29,39.84,116.29
3,19,39.85,116.39,39.85,116.38
2,8,39.93,116.33,39.93,116.33
6,11,39.89,116.43,39.89,116.44
4,16,39.94,116.2,39.93,116.2
2,20,39.9,116.21,39.9,116.21
2,18,39.89,116.66,39.88,116.67
5,17,40.12,116.27,40.14,116.26
3,12,39.98,116.49,39.99,116.49
5,19,39.86,116.29,39.85,116.29
5,18,39.91,116.23,39.91,116.23
6,20,39.89,116.23,39.89,116.22
6,12,39.92,116.5,39.92,116.49
1,22,40.1,116.39,40.1,116.38
6,14,39.89,116.42,39.9,116.42
1,20,39.86,116.54,39.86,116.53
3,7,39.91,116.21,39.9,116.22
5,11,39.95,116.29,39.94,116.29
4,20,39.99,116.47,39.99,116.46
4,7,39.81,116.41,39.8,116.41
6,11,39.87,116.47,39.86,116.47
0,20,39.91,116.51,39.91,116.52
4,8,39.85,116.43,39.85,116.43
2,10,39.85,116.53,39.86,116.52
3,7,39.92,116.3,39.91,116.31
0,20,39.86,116.51,39.87,116.5
3,16,39.92,116.28,39.92,116.27
4,23,39.88,116.34,39.88,116.34
3,7,40.26,116.65,40.25,116.65
5,8,39.89,116.52,39.89,116.53
3,8,39.91,116.49,39.91,116.5
2,17,39.85,116.45,39.84,116.47
0,12,39.77,116.57,39.78,116.56
4,12,39.91,116.23,39.9,116.27
1,11,39.92,116.36,39.93,116.36
3,23,39.84,116.33,39.84,116.33
2,7,39.91,116.48,39.91,116.47
4,13,39.79,116.51,39.79,116.51
3,19,39.86,116.55,39.86,116.55
2,9,39.76,116.54,39.76,116.55
6,10,39.81,116.37,39.81,116.37
1,13,39.8,116.49,39.79,116.51
3,18,39.87,116.41,39.86,116.41
2,17,39.91,116.36,39.9,116.35
4,7,39.89,116.39,39.9,116.38
2,20,39.94,116.3,39.94,116.31
0,16,39.85,116.37,39.84,116.38
3,18,39.77,116.14,39.77,116.14
6,16,39.94,116.31,39.93,116.31
1,17,40.12,116.59,40.11,116.59
0,16,39.92,116.47,39.92,116.46
0,18,39.88,116.4,39.88,116.39
4,20,39.88,116.49,39.89,116.48
6,8,39.89,116.67,39.91,116.66
0,19,39.95,116.41,39.97,116.41
6,0,39.69,116.21,39.69,116.21
2,14,39.8,116.43,39.8,116.42
3,19,39.93,116.59,39.93,116.58
5,15,39.86,116.39,39.86,116.39
3,18,40.03,116.38,40.04,116.37
0,17,39.8,116.41,39.79,116.43
4,16,39.83,116.28,39.83,116.28
3,21,39.93,116.59,39.93,116.58
5,10,39.87,116.45,39.88,116.45
6,12,39.96,116.24,39.95,116.29
5,20,39.84,116.48,39.84,116.48
3,10,39.95,116.39,39.95,116.39
6,21,39.94,116.43,39.94,116.43
6,19,40.03,116.37,40.03,116.38
2,6,39.95,116.43,39.94,116.43
1,18,39.92,116.48,39.92,116.49
3,6,39.72,116.14,39.73,116.14
4,17,39.93,116.4,39.94,116.39
4,19,40.03,116.35,40.03,116.35
4,9,39.92,116.48,39.93,116.48
5,7,39.87,116.26,39.86,116.25
2,17,39.96,116.44,39.96,116.44
1,7,39.67,116.32,39.67,116.32
0,12,39.87,116.37,39.87,116.37
4,12,39.88,116.35,39.88,116.36
3,7,39.75,116.55,39.77,116.54
5,14,39.8,116.45,39.8,116.45
6,21,39.9,116.2,39.9,116.25
3,6,39.89,116.26,39.91,116.25
6,18,39.87,116.55,39.88,116.54
3,11,39.94,116.42,39.93,116.42
3,8,39.8,116.32,39.79,116.32
1,16,39.96,116.31,39.97,116.3
4,15,39.98,116.33,39.98,116.34
3,8,39.88,116.31,39.88,116.31
4,16,39.92,116.48,39.92,116.48
6,19,39.77,116.5,39.77,116.5
5,20,39.92,116.47,39.93,116.46
3,17,39.93,116.31,39.93,116.31
4,16,39.91,116.58,39.91,116.58
5,20,39.93,116.57,39.93,116.57
3,10,39.83,116.29,39.83,116.29
2,8,39.96,116.43,39.95,116.44
3,20,39.79,116.28,39.79,116.29
3,23,39.84,116.42,39.84,116.42
2,8,40.03,116.42,40.03,116.44
5,14,39.87,116.5,39.87,116.5
1,13,39.85,116.34,39.84,116.34
4,8,39.9,116.38,39.91,116.37
2,7,39.86,116.46,39.86,116.46
0,18,39.95,116.22,39.95,116.22
6,9,40.04,116.37,40.04,116.37
1,13,39.76,116.46,39.76,116.45
5,13,39.94,116.29,39.93,116.3
6,20,39.88,116.55,39.88,116.55
3,11,39.9,116.4,39.9,116.42
2,7,39.89,116.37,39.89,116.38
5,21,39.94,116.4,39.93,116.42
1,7,39.96,116.49,39.97,116.48
0,8,39.81,116.37,39.81,116.36
3,18,39.9,116.5,39.9,116.51
0,19,39.96,116.33,39.95,116.35
6,15,39.77,116.33,39.76,116.34
0,18,39.9,116.56,39.9,116.56
3,17,39.87,116.64,39.88,116.64
3,21,39.94,116.12,39.93,116.12
0,19,40.21,116.66,40.21,116.66
3,17,39.93,116.23,39.94,116.22
3,7,40.03,116.28,40.03,116.27
4,8,40.0,116.42,40.0,116.43
4,21,39.89,116.33,39.88,116.34
5,8,39.86,116.44,39.86,116.44
3,16,39.89,116.37,39.9,116.37
2,18,39.94,116.31,39.94,116.31
3,7,39.86,116.42,39.86,116.41
5,15,40.15,116.29,40.14,116.31
4,16,39.87,116.46,39.89,116.46
5,12,39.75,116.49,39.75,116.49
3,20,39.89,116.27,39.89,116.26
5,12,39.93,116.18,39.93,116.18
6,17,39.91,116.5,39.9,116.5
0,13,39.89,116.52,39.89,116.53
3,11,39.81,116.3,39.82,116.29
5,13,39.96,116.3,39.95,116.31
0,17,39.78,116.52,39.78,116.53
0,17,39.9,116.39,39.92,116.38
5,13,39.76,116.22,39.76,116.22
6,14,39.83,116.27,39.82,116.27
5,7,39.95,116.46,39.95,116.46
6,22,39.82,116.42,39.82,116.42
5,16,39.81,116.33,39.8,116.33
3,7,39.79,116.37,39.79,116.37
2,8,39.85,116.33,39.84,116.33
2,14,39.88,116.31,39.88,116.33
5,9,39.95,116.44,39.96,116.44
3,9,40.0,116.47,40.01,116.47
3,11,39.92,116.18,39.91,116.19
3,12,39.82,116.29,39.82,116.28
3,7,40.0,116.49,40.0,116.49
2,8,39.86,116.49,39.86,116.49
2,8,39.91,116.2,39.91,116.21
6,21,39.84,116.42,39.84,116.42
2,9,39.91,116.67,39.9,116.66
4,11,39.81,116.56,39.8,116.57
0,6,39.86,116.31,39.86,116.31
1,8,39.88,116.48,39.88,116.48
6,16,39.81,116.46,39.81,116.45
6,8,39.91,116.51,39.92,116.5
4,3,39.81,116.35,39.82,116.34
6,14,39.91,116.21,39.92,116.2
6,10,39.85,116.43,39.85,116.43
4,17,39.72,116.35,39.71,116.35
4,15,39.89,116.45,39.89,116.44
4,8,39.9,116.69,39.89,116.7
3,17,39.87,116.54,39.87,116.53
6,18,39.98,116.5,39.97,116.49
3,12,39.96,116.41,39.96,116.4
1,21,39.92,116.34,39.92,116.34
5,16,40.0,116.36,39.99,116.36
2,7,39.85,116.31,39.85,116.3
0,3,39.84,116.43,39.85,116.42
4,6,39.93,116.5,39.93,116.5
1,17,39.99,116.37,39.99,116.37
1,7,39.85,116.43,39.85,116.43
1,17,39.96,116.47,39.96,116.46
3,7,39.84,116.32,39.84,116.32
1,11,39.77,116.56,39.78,116.56
0,19,39.98,116.42,39.99,116.41
6,21,39.91,116.62,39.9,116.62
4,8,39.91,116.35,39.91,116.36
5,20,39.9,116.34,39.93,116.33
3,18,39.84,116.34,39.84,116.34
6,18,39.95,116.45,39.95,116.46
3,21,39.92,116.5,39.93,116.5
4,17,39.98,116.33,39.98,116.33
3,9,39.8,116.42,39.8,116.42
4,13,39.89,116.3,39.88,116.31
2,11,39.92,116.56,39.91,116.56
3,8,39.93,116.33,39.93,116.33
0,13,40.09,116.31,40.1,116.31
6,14,39.84,116.29,39.84,116.29
6,7,39.81,116.37,39.81,116.37
3,8,39.98,116.33,39.98,116.33
3,2,39.82,116.34,39.81,116.34
4,12,39.83,116.47,39.82,116.47
3,8,39.96,116.31,39.97,116.3
3,10,39.91,116.34,39.91,116.33
2,7,39.92,116.48,39.91,116.48
3,18,39.85,116.38,39.85,116.38
3,7,39.99,116.41,39.99,116.41
2,12,39.92,116.64,39.91,116.64
3,22,39.92,116.41,39.93,116.4
6,8,39.91,116.18,39.91,116.19
0,9,39.78,116.42,39.79,116.42
2,7,39.83,116.4,39.85,116.4
6,10,39.93,116.5,39.92,116.5
1,11,39.88,116.36,39.89,116.36
6,10,40.09,116.33,40.08,116.33
5,12,40.06,116.42,40.06,116.41
5,13,39.77,116.54,39.78,116.53
1,8,39.9,116.38,39.9,116.39
4,11,39.89,116.34,39.89,116.35
6,10,39.85,116.4,39.85,116.39
5,13,40.0,116.28,40.0,116.27
2,11,39.98,116.36,39.98,116.36
0,19,39.85,116.71,39.87,116.71
6,20,39.78,116.4,39.78,116.4
6,8,40.0,116.42,40.01,116.41
1,18,39.96,116.57,39.96,116.58
6,9,39.98,116.37,39.97,116.38
4,14,39.89,116.46,39.89,116.46
4,11,39.92,116.55,39.91,116.56
1,14,39.9,116.66,39.9,116.66
6,11,40.09,116.44,40.09,116.44
5,0,39.97,116.48,39.97,116.49
3,10,40.03,116.31,40.03,116.31
6,18,39.73,116.56,39.73,116.56
3,16,39.91,116.26,39.91,116.27
4,9,39.93,116.2,39.93,116.21
0,8,39.87,116.53,39.89,116.53
6,19,39.97,116.54,39.97,116.54
5,22,39.86,116.47,39.85,116.47
1,7,40.07,116.33,40.07,116.32
3,19,39.98,116.44,39.98,116.44
4,21,39.99,116.47,40.02,116.47
5,16,39.8,116.51,39.8,116.5
6,8,39.84,116.37,39.84,116.38
3,18,39.95,116.32,39.94,116.33
3,21,39.71,116.01,39.71,116.01
3,18,39.99,116.31,40.0,116.31
0,14,39.84,116.41,39.84,116.42
4,11,39.95,116.47,39.95,116.46
1,9,39.9,116.21,39.91,116.21
4,16,40.01,116.49,40.0,116.49
1,17,39.84,116.32,39.85,116.32
3,18,39.84,116.43,39.84,116.43
3,11,39.92,116.55,39.91,116.55
4,16,39.92,116.5,39.92,116.49
4,0,39.98,116.42,39.99,116.42
2,7,39.76,116.41,39.76,116.41
3,17,39.86,116.28,39.86,116.28
6,9,40.04,116.5,40.03,116.51
6,7,39.92,116.12,39.92,116.12
1,8,39.89,116.66,39.89,116.66
4,13,39.91,116.52,39.91,116.52
6,8,39.87,116.45,39.87,116.47
0,12,39.82,116.47,39.82,116.46
5,19,39.96,116.4,39.96,116.41
1,10,40.0,116.49,40.0,116.48
5,13,39.72,116.14,39.72,116.15
2,16,39.89,116.54,39.9,116.53
0,20,39.87,116.48,39.87,116.48
3,17,40.03,116.43,40.03,116.42
5,10,39.98,116.42,39.98,116.42
4,7,39.84,116.4,39.84,116.4
5,8,39.83,116.19,39.83,116.19
1,8,39.86,116.43,39.86,116.42
5,17,39.97,116.69,39.97,116.69
1,18,39.88,116.39,39.88,116.4
3,16,39.82,116.37,39.82,116.38
0,13,39.89,116.36,39.89,116.36
2,19,39.76,116.49,39.75,116.49
3,15,39.97,116.37,39.96,116.37
4,12,39.96,116.33,39.96,116.33
6,14,39.91,116.27,39.91,116.26
3,8,39.91,116.19,39.92,116.18
6,12,39.96,116.51,39.97,116.5
6,10,39.86,116.26,39.86,116.26
3,11,39.95,116.39,39.94,116.4
0,20,39.8,116.42,39.8,116.42
0,16,39.88,116.47,39.88,116.47
4,7,39.84,116.42,39.85,116.42
0,20,39.93,116.21,39.93,116.21
0,19,39.9,116.25,39.9,116.24
1,11,39.85,116.4,39.85,116.41
5,7,40.1,116.31,40.1,116.31
6,16,39.88,116.48,39.88,116.48
5,8,39.91,116.46,39.93,116.46
6,17,39.97,116.31,39.97,116.3
0,12,39.94,116.38,39.93,116.38
3,9,39.92,116.48,39.92,116.49
3,7,39.88,116.3,39.87,116.3
3,9,39.8,116.41,39.8,116.42
5,6,39.89,116.71,39.89,116.71
3,11,39.88,116.38,39.88,116.39
3,9,39.9,116.33,39.93,116.32
5,13,39.95,116.35,39.96,116.34
6,9,39.91,116.2,39.91,116.2
0,8,40.11,116.37,40.11,116.37
0,18,39.88,116.33,39.89,116.33
4,5,39.95,116.33,39.94,116.35
3,19,39.99,116.38,39.99,116.38
6,9,39.94,116.33,39.95,116.32
5,15,39.98,116.31,39.98,116.3
4,8,39.93,116.48,39.93,116.49
6,12,39.88,116.48,39.87,116.48
0,8,39.92,116.47,39.92,116.46
6,14,39.94,116.44,39.94,116.44
4,8,39.93,116.41,39.93,116.41
6,20,39.81,116.55,39.82,116.55
0,19,39.9,116.52,39.89,116.51
4,8,39.93,116.68,39.93,116.68
4,15,39.93,116.64,39.93,116.64
2,6,39.9,116.26,39.9,116.27
3,18,39.74,116.56,39.74,116.57
0,12,39.96,116.36,39.96,116.36
0,20,39.99,116.31,39.99,116.32
5,11,39.89,116.51,39.89,116.51
5,17,39.9,116.46,39.89,116.46
0,16,40.03,116.28,40.02,116.28
6,2,39.77,116.54,39.77,116.54
3,13,39.9,116.28,39.9,116.28
5,18,39.92,116.29,39.91,116.28
2,18,39.93,116.17,39.93,116.17
6,21,40.07,116.41,40.08,116.41
4,9,39.96,116.42,39.96,116.41
6,11,40.04,116.36,40.04,116.35
1,9,39.9,116.32,39.9,116.32
2,17,39.98,116.46,39.97,116.45
3,7,39.93,116.36,39.93,116.36
6,10,40.09,116.33,40.08,116.34
6,8,39.9,116.38,39.9,116.38
2,7,39.94,116.32,39.93,116.33
3,12,39.93,116.35,39.93,116.34
4,22,39.85,116.19,39.86,116.19
6,18,39.83,116.27,39.82,116.27
2,6,39.91,116.56,39.91,116.55
6,8,39.76,116.21,39.76,116.21
1,7,39.83,116.64,39.82,116.63
5,10,40.09,116.33,40.09,116.33
6,18,39.91,116.38,39.91,116.4
5,17,39.73,116.57,39.72,116.56
4,7,39.76,116.49,39.75,116.52
3,22,39.98,116.33,39.98,116.33
4,7,39.75,116.28,39.75,116.28
0,18,39.81,116.16,39.8,116.16
3,11,39.89,116.31,39.89,116.32
1,8,39.97,116.34,39.96,116.34
4,11,39.97,116.48,39.97,116.48
4,12,39.94,116.68,39.93,116.67
6,18,39.9,116.49,39.89,116.52
6,16,40.06,116.41,40.06,116.42
3,6,40.09,116.41,40.08,116.41
1,21,39.97,116.34,39.97,116.34
3,17,39.92,116.47,39.92,116.46
1,7,40.08,116.37,40.08,116.36
6,11,39.81,116.44,39.8,116.45
0,20,39.85,116.32,39.85,116.32
4,11,39.93,116.31,39.93,116.3
3,12,39.9,116.47,39.89,116.47
6,20,39.88,116.83,39.89,116.82
1,16,39.87,116.33,39.89,116.33
0,7,39.95,116.47,39.95,116.47
3,14,39.86,116.4,39.85,116.4
3,12,40.02,116.28,40.03,116.28
1,20,39.73,116.33,39.72,116.34
5,10,39.93,116.34,39.93,116.35
1,19,39.9,116.59,39.9,116.61
5,9,39.85,116.45,39.85,116.47
0,20,39.84,116.39,39.84,116.41
1,12,39.92,116.52,39.93,116.52
1,7,39.94,116.41,39.93,116.42
3,14,39.85,116.42,39.84,116.42
6,8,39.96,116.34,39.96,116.34
1,10,39.86,116.26,39.86,116.25
1,16,39.91,116.19,39.91,116.18
5,7,40.05,116.41,40.05,116.4
5,6,39.94,116.35,39.94,116.34
0,19,39.89,116.34,39.88,116.34
0,7,40.18,116.22,40.18,116.22
6,0,39.99,116.47,39.99,116.47
3,7,40.1,116.3,40.09,116.31
2,12,39.83,116.29,39.83,116.29
4,22,39.86,116.52,39.86,116.51
3,8,39.9,116.38,39.91,116.38
2,6,40.04,116.41,40.04,116.41
2,8,39.81,116.37,39.81,116.37
0,20,39.84,116.74,39.84,116.75
1,14,39.92,116.2,39.91,116.19
3,15,39.9,116.49,39.9,116.49
1,15,39.92,116.36,39.92,116.36
5,14,39.97,116.49,39.96,116.49
4,8,40.0,116.46,40.0,116.47
0,18,40.08,116.32,40.07,116.32
5,19,39.91,116.46,39.9,116.47
4,11,39.95,116.37,39.94,116.38
6,1,39.73,116.58,39.73,116.57
3,13,39.93,116.33,39.92,116.33
1,16,39.97,116.32,39.99,116.32
4,8,39.82,116.53,39.81,116.53
1,18,39.85,116.39,39.85,116.38
6,11,39.79,116.33,39.78,116.33
1,20,39.86,116.44,39.87,116.43
3,10,39.82,116.29,39.83,116.28
0,19,39.95,116.37,39.95,116.36
5,19,39.97,116.3,39.97,116.3
3,19,39.85,116.41,39.85,116.41
5,20,40.07,116.35,40.06,116.35
2,11,39.92,116.44,39.93,116.44
6,11,39.94,116.43,39.93,116.43
3,6,39.94,116.38,39.95,116.37
5,11,39.88,116.6,39.89,116.59
3,14,39.96,116.44,39.96,116.43
5,18,39.88,116.48,39.88,116.48
4,17,39.86,116.4,39.86,116.41
0,11,39.52,116.31,39.52,116.3
3,18,40.0,116.48,39.99,116.47
4,19,39.96,116.5,39.95,116.49
3,12,39.8,116.42,39.8,116.41
3,12,39.87,116.5,39.86,116.51
5,16,39.82,116.46,39.82,116.46
5,17,39.92,116.47,39.92,116.46
3,6,39.94,116.72,39.93,116.73
4,7,39.92,116.36,39.92,116.36
4,7,39.9,116.45,39.89,116.45
6,17,40.15,116.56,40.15,116.56
5,18,39.93,116.18,39.93,116.18
4,18,39.97,116.38,39.96,116.39
4,17,39.97,116.36,39.97,116.37
3,17,39.96,116.3,39.97,116.3
5,6,39.89,116.25,39.89,116.24
5,17,39.84,116.41,39.85,116.4
6,10,39.95,116.47,39.95,116.47
0,9,39.88,116.36,39.88,116.35
3,17,39.94,116.19,39.93,116.19
0,11,39.93,116.48,39.93,116.48
0,18,40.03,116.28,40.02,116.28
1,8,39.9,116.36,39.91,116.36
3,14,39.92,116.6,39.92,116.6
2,4,39.82,116.21,39.82,116.21
0,19,39.91,116.21,39.9,116.22
5,20,39.83,116.25,39.83,116.24
1,23,39.84,116.45,39.84,116.45
3,14,39.99,116.49,39.99,116.51
6,13,40.06,116.32,40.06,116.33
0,8,39.91,116.48,39.9,116.47
0,10,39.92,116.36,39.94,116.36
3,22,39.92,116.5,39.92,116.5
0,21,39.94,116.42,39.94,116.43
1,21,40.05,116.56,40.05,116.56
3,16,39.88,116.39,39.88,116.4
3,12,39.93,116.37,39.92,116.36
4,23,40.09,116.32,40.09,116.32
2,6,39.76,116.55,39.77,116.54
6,21,40.05,116.43,40.05,116.43
6,18,39.81,116.51,39.82,116.5
6,18,39.8,116.44,39.8,116.45
3,19,39.89,116.37,39.89,116.37
0,23,39.97,116.4,39.96,116.42
6,7,40.02,116.5,40.01,116.51
4,9,39.92,116.45,39.92,116.45
2,21,39.97,116.35,39.97,116.35
5,16,39.82,116.55,39.81,116.55
1,12,39.9,116.53,39.91,116.52
1,21,40.03,116.41,40.03,116.42
4,7,39.96,116.43,39.96,116.42
1,8,39.85,116.5,39.86,116.5
1,8,39.98,116.48,39.98,116.47
3,20,39.95,116.27,39.95,116.27
3,16,39.91,116.64,39.9,116.66
3,13,39.91,116.2,39.91,116.2
4,8,40.0,116.46,40.0,116.46
0,16,40.01,116.35,40.0,116.37
0,12,39.9,116.51,39.9,116.5
6,9,39.8,116.31,39.79,116.32
4,15,39.88,116.32,39.88,116.31
3,8,39.95,116.39,39.96,116.38
1,5,39.92,116.54,39.92,116.53
3,20,39.89,116.47,39.89,116.46
2,11,39.85,116.4,39.85,116.39
1,7,39.78,116.52,39.78,116.52
3,12,39.95,116.46,39.95,116.45
1,8,40.0,116.47,40.0,116.47
2,6,40.07,116.33,40.07,116.32
5,17,40.01,116.47,40.0,116.46
4,18,39.8,116.57,39.81,116.56
6,19,39.93,116.6,39.92,116.61
5,21,39.91,116.32,39.9,116.37
5,23,39.92,116.49,39.92,116.48
5,7,39.89,116.45,39.92,116.44
4,19,39.92,116.48,39.92,116.48
0,8,39.85,116.37,39.84,116.39
3,16,39.92,116.19,39.91,116.19
5,10,39.87,116.47,39.87,116.46
4,7,39.92,116.43,39.92,116.43
0,7,39.76,116.49,39.75,116.49
3,21,39.88,116.48,39.88,116.48
0,7,39.9,116.42,39.9,116.41
0,13,39.93,116.3,39.93,116.3
1,15,39.93,116.38,39.93,116.38
0,15,40.22,116.23,40.22,116.23
6,8,39.82,116.4,39.82,116.4
2,15,39.89,116.34,39.88,116.35
1,8,39.76,116.35,39.76,116.36
3,14,39.93,116.47,39.93,116.47
4,8,39.98,116.41,39.98,116.41
0,11,40.21,116.24,40.21,116.24
2,13,40.0,116.48,39.99,116.47
1,7,40.01,116.36,40.0,116.35
1,8,39.86,116.39,39.86,116.38
4,9,39.82,116.48,39.82,116.48
5,16,40.1,116.37,40.09,116.37
3,15,40.0,116.36,39.99,116.36
4,19,39.87,116.47,39.88,116.47
1,8,39.93,116.2,39.93,116.19
0,11,39.91,116.27,39.91,116.26
1,7,39.83,116.45,39.83,116.45
4,8,39.97,116.37,39.98,116.37
3,7,39.94,116.44,39.94,116.45
2,6,39.99,116.41,39.99,116.41
2,11,39.92,116.47,39.92,116.47
5,15,39.65,116.08,39.65,116.08
2,8,39.98,116.36,39.97,116.36
3,15,39.89,116.49,39.9,116.48
1,13,39.75,116.33,39.74,116.33
6,15,39.92,116.48,39.91,116.5
6,8,39.93,116.15,39.93,116.16
4,8,39.96,116.46,39.96,116.45
3,8,39.97,116.44,39.97,116.43
2,7,39.97,116.37,39.98,116.36
6,0,39.95,116.4,39.94,116.4
4,10,39.96,116.47,39.96,116.46
4,15,39.94,116.33,39.94,116.33
6,17,39.87,116.45,39.86,116.46
3,11,39.91,116.32,39.91,116.33
3,17,39.97,116.5,39.97,116.49
4,7,39.85,116.4,39.84,116.4
0,18,39.79,116.32,39.79,116.33
3,18,39.81,116.38,39.81,116.37
5,10,40.05,116.31,40.07,116.31
0,21,39.88,116.64,39.89,116.64
1,19,39.98,116.33,39.99,116.32
5,8,39.96,116.38,39.97,116.38
0,20,39.88,116.47,39.88,116.46
2,11,40.11,116.3,40.11,116.3
5,7,39.91,116.18,39.91,116.19
6,6,39.92,116.54,39.92,116.54
0,20,39.9,116.22,39.9,116.21
5,9,39.82,116.52,39.82,116.52
3,5,39.9,116.24,39.91,116.24
4,18,40.05,116.41,40.05,116.4
2,20,39.86,116.53,39.86,116.52
2,13,39.92,116.52,39.91,116.54
4,8,39.95,116.52,39.94,116.52
4,16,39.84,116.42,39.84,116.42
3,8,39.87,116.38,39.91,116.37
4,20,39.92,116.6,39.91,116.6
1,10,39.88,116.62,39.88,116.63
4,9,39.92,116.5,39.92,116.5
6,22,39.93,116.35,39.94,116.35
3,10,40.12,116.25,40.11,116.25
3,8,39.72,116.33,39.72,116.36
1,9,39.79,116.22,39.81,116.21
4,17,39.91,116.46,39.9,116.5
1,19,39.8,116.49,39.8,116.49
3,9,39.89,116.66,39.89,116.66
5,7,39.85,116.38,39.85,116.38
6,15,39.87,116.48,39.88,116.47
2,12,40.01,116.48,40.0,116.49
2,6,39.66,116.31,39.68,116.3
0,17,39.85,116.23,39.85,116.23
1,16,39.87,116.46,39.86,116.47
0,8,40.11,116.37,40.1,116.37
2,8,39.85,116.35,39.85,116.35
4,16,39.84,116.41,39.84,116.41
4,12,39.88,116.4,39.88,116.4
0,6,39.83,116.34,39.83,116.34
6,15,39.94,116.31,39.93,116.31
3,7,39.93,116.21,39.93,116.21
3,7,39.85,116.33,39.85,116.33
3,13,39.88,116.39,39.87,116.39
6,12,39.82,116.4,39.82,116.4
3,6,39.92,116.65,39.93,116.64
0,23,39.83,116.33,39.83,116.34
2,11,39.97,116.35,39.97,116.35
1,9,39.85,116.4,39.85,116.39
1,17,40.02,116.35,40.03,116.35
4,14,39.91,116.5,39.92,116.49
5,15,40.0,116.42,40.0,116.42
2,7,39.97,116.34,39.96,116.37
6,11,39.96,116.3,39.96,116.3
2,18,39.96,116.31,39.98,116.3
2,18,39.87,116.37,39.87,116.38
6,10,39.87,116.46,39.87,116.45
6,11,39.95,116.45,39.96,116.44
2,18,39.92,116.46,39.92,116.46
5,20,39.9,116.42,39.92,116.42
4,10,39.93,116.49,39.93,116.51
3,22,39.92,116.56,39.92,116.55
4,9,39.84,116.38,39.84,116.37
3,8,39.73,116.5,39.72,116.5
1,7,39.98,116.41,39.98,116.41
6,10,40.07,116.33,40.07,116.32
5,15,39.92,116.21,39.93,116.21
0,14,39.91,116.58,39.91,116.58
3,17,39.94,116.38,39.93,116.37
0,19,39.93,116.09,39.93,116.09
4,7,39.91,116.23,39.9,116.24
1,15,39.99,116.26,39.99,116.26
6,8,39.86,116.48,39.89,116.48
2,6,39.69,116.11,39.69,116.11
3,7,39.93,116.33,39.93,116.33
3,17,39.94,116.36,39.93,116.38
0,8,39.92,116.37,39.92,116.46
0,19,39.98,116.38,39.98,116.37
3,20,39.85,116.44,39.85,116.44
0,15,39.97,116.28,39.96,116.28
3,21,39.99,116.47,39.98,116.47
6,14,39.93,116.17,39.92,116.17
5,13,39.93,116.6,39.92,116.61
4,10,39.98,116.31,39.98,116.32
2,17,39.83,116.29,39.85,116.29
3,8,39.79,116.35,39.78,116.36
1,11,39.9,116.33,39.89,116.33
4,7,39.89,116.26,39.91,116.25
6,13,39.8,116.51,39.79,116.51
5,18,40.16,116.26,40.15,116.27
2,6,39.87,116.46,39.87,116.48
4,10,40.0,116.4,39.99,116.41
2,7,39.79,116.51,39.79,116.52
4,15,39.92,116.56,39.92,116.56
1,7,39.95,116.43,39.94,116.42
2,8,39.91,116.46,39.91,116.45
1,13,39.9,116.42,39.89,116.41
5,22,39.79,116.33,39.78,116.34
6,21,39.97,116.36,39.97,116.36
2,13,39.97,116.37,39.97,116.38
2,7,40.1,116.3,40.09,116.3
1,21,39.92,116.5,39.92,116.51
4,7,39.91,116.18,39.91,116.2
2,18,39.93,116.66,39.93,116.66
3,15,40.03,116.31,40.02,116.32
4,11,39.92,116.36,39.91,116.36
3,18,39.9,116.31,39.89,116.3
0,16,39.93,116.32,39.93,116.32
4,8,40.0,116.48,40.0,116.48
2,11,39.93,116.44,39.92,116.44
0,8,39.92,116.52,39.92,116.52
4,7,39.93,116.22,39.93,116.23
0,18,40.05,116.41,40.06,116.41
0,5,39.9,116.61,39.91,116.6
3,23,39.91,116.52,39.91,116.51
6,11,39.9,116.43,39.9,116.43
4,9,39.86,116.37,39.85,116.37
3,15,39.88,116.48,39.88,116.48
6,8,39.94,116.44,39.94,116.43
1,14,39.89,116.6,39.89,116.59
3,23,39.9,116.56,39.91,116.55
4,22,40.09,116.34,40.09,116.34
2,18,40.07,116.36,40.07,116.35
2,20,39.93,116.46,39.93,116.46
3,16,39.86,116.46,39.86,116.46
6,0,39.86,116.5,39.85,116.51
4,20,39.91,116.45,39.9,116.46
6,15,39.88,116.37,39.88,116.37
0,15,39.91,116.46,39.91,116.46
0,18,39.89,116.66,39.88,116.66
6,13,39.85,116.71,39.85,116.71
1,7,39.77,116.33,39.77,116.34
5,18,39.9,116.38,39.9,116.38
3,19,40.06,116.42,40.05,116.41
3,8,39.98,116.36,39.98,116.36
4,6,39.87,116.26,39.87,116.25
1,16,39.87,116.47,39.87,116.46
6,10,39.89,116.67,39.88,116.67
3,14,39.93,116.64,39.92,116.65
3,18,39.94,116.55,39.94,116.54
2,6,39.81,116.42,39.81,116.41
3,20,39.88,116.35,39.88,116.35
0,9,39.86,116.41,39.86,116.41
4,16,39.88,116.4,39.87,116.41
3,19,39.84,116.4,39.84,116.4
3,21,40.01,116.53,40.0,116.53
2,6,39.86,116.37,39.9,116.37
2,9,39.91,116.19,39.91,116.19
0,11,39.94,116.37,39.94,116.37
1,7,39.81,116.53,39.81,116.53
2,18,39.86,116.23,39.87,116.23
4,19,39.93,116.36,39.93,116.35
1,7,39.87,116.44,39.87,116.43
1,8,39.78,116.55,39.77,116.55
6,7,39.96,116.3,39.96,116.3
1,7,39.93,116.33,39.92,116.33
2,21,40.07,116.36,40.06,116.37
1,17,39.95,116.36,39.95,116.37
5,8,39.76,116.49,39.75,116.49
3,16,39.86,116.46,39.87,116.45
0,20,39.98,116.31,39.98,116.31
3,8,40.06,116.35,40.06,116.34
6,7,40.08,116.37,40.08,116.37
3,8,39.87,116.51,39.86,116.5
0,17,39.95,116.5,39.96,116.5
6,17,39.85,116.32,39.85,116.31
0,18,39.93,116.6,39.92,116.59
3,11,40.12,116.25,40.12,116.26
5,8,39.84,116.46,39.84,116.46
6,14,39.88,116.42,39.89,116.42
0,22,40.09,116.37,40.1,116.37
3,18,39.79,116.42,39.78,116.43
2,6,39.93,116.16,39.93,116.18
6,18,39.88,116.66,39.88,116.66
4,16,39.94,116.31,39.94,116.31
1,21,39.93,116.59,39.93,116.58
1,18,39.73,116.44,39.73,116.43
1,7,39.92,116.57,39.92,116.56
5,17,39.92,116.57,39.91,116.56
6,15,39.85,116.45,39.84,116.45
1,14,39.85,116.32,39.85,116.32
3,13,39.92,116.52,39.93,116.51
1,11,39.91,116.36,39.91,116.36
4,21,39.85,116.29,39.85,116.29
6,6,40.09,116.39,40.08,116.39
5,15,39.97,116.64,39.97,116.63
4,9,39.94,116.44,39.94,116.44
6,11,39.84,116.4,39.85,116.4
3,10,39.9,116.65,39.91,116.64
3,18,39.85,116.52,39.85,116.51
2,18,39.84,116.38,39.84,116.38
3,12,39.9,116.41,39.9,116.42
0,16,40.0,116.49,40.0,116.49
6,16,39.87,116.3,39.86,116.31
4,12,39.95,116.3,39.94,116.3
0,18,40.08,116.34,40.07,116.35
6,7,40.09,116.4,40.08,116.41
2,17,39.85,116.31,39.85,116.31
6,21,40.07,116.31,40.06,116.31
3,12,39.97,116.44,39.97,116.43
5,16,39.9,116.48,39.89,116.48
2,7,39.86,116.41,39.86,116.4
6,19,39.75,116.29,39.75,116.34
2,15,39.93,116.46,39.93,116.46
3,6,40.05,116.44,40.04,116.43
3,13,40.07,116.34,40.08,116.33
5,8,39.84,116.36,39.84,116.35
1,5,39.84,116.43,39.84,116.43
1,19,39.9,116.69,39.9,116.68
3,12,39.87,116.46,39.87,116.45
0,8,40.0,116.47,40.0,116.48
4,8,39.89,116.45,39.88,116.46
5,8,39.76,116.55,39.76,116.54
4,17,39.86,116.46,39.87,116.46
4,5,39.85,116.57,39.85,116.56
3,19,39.89,116.47,39.89,116.48
3,20,39.94,116.36,39.94,116.35
1,19,40.22,116.49,40.22,116.49
4,22,40.08,116.43,40.08,116.43
0,18,39.86,116.38,39.86,116.39
6,15,40.04,116.37,40.06,116.37
5,8,39.84,116.43,39.84,116.43
5,7,39.77,116.5,39.77,116.51
6,15,39.95,116.42,39.94,116.44
3,9,39.85,116.35,39.85,116.35
3,8,39.84,116.3,39.86,116.29
1,17,39.87,116.5,39.87,116.5
2,12,40.0,116.47,40.0,116.46
0,16,39.87,116.35,39.87,116.37
3,11,39.79,116.22,39.79,116.22
3,23,40.0,116.31,40.0,116.3
3,8,39.96,116.34,39.97,116.34
1,9,39.92,116.48,39.91,116.48
1,17,39.93,116.52,39.93,116.51
1,11,39.87,116.46,39.87,116.46
5,2,39.88,116.49,39.88,116.48
6,6,39.94,116.25,39.93,116.25
5,20,39.86,116.39,39.86,116.39
5,9,39.85,116.29,39.85,116.28
4,8,39.91,116.51,39.91,116.51
4,6,39.87,116.47,39.87,116.46
3,20,39.74,116.12,39.73,116.12
1,21,39.88,116.31,39.88,116.3
4,12,39.88,116.46,39.88,116.46
3,17,39.91,116.45,39.91,116.56
1,15,40.05,116.41,40.05,116.41
1,8,39.93,116.27,39.95,116.27
3,8,39.93,116.28,39.95,116.27
6,14,39.84,116.3,39.84,116.29
2,15,39.85,116.4,39.85,116.4
4,15,39.92,116.43,39.91,116.44
6,16,39.75,116.34,39.76,116.33
4,18,39.94,116.36,39.94,116.35
0,6,40.0,116.47,40.0,116.47
4,8,40.08,116.56,40.08,116.56
3,9,39.93,116.49,39.93,116.49
2,10,39.99,116.34,39.98,116.34
3,17,39.89,116.37,39.88,116.37
6,21,40.08,116.34,40.07,116.34
2,19,39.92,116.35,39.92,116.35
6,20,39.83,116.41,39.82,116.42
4,11,39.94,116.19,39.94,116.18
6,20,39.79,116.16,39.79,116.15
3,9,39.84,116.24,39.84,116.24
5,8,39.78,116.33,39.79,116.33
3,12,39.97,116.45,39.97,116.44
0,18,39.85,116.33,39.85,116.33
6,7,39.89,116.47,39.89,116.48
5,22,39.88,116.47,39.88,116.47
5,15,39.89,116.31,39.88,116.32
3,16,39.96,116.28,39.96,116.29
4,22,39.94,116.68,39.93,116.69
2,7,39.97,116.44,39.98,116.43
3,19,40.05,116.41,40.05,116.41
2,7,39.86,116.37,39.85,116.37
5,5,39.84,116.4,39.85,116.4
1,17,39.84,116.39,39.84,116.38
1,21,39.94,116.32,39.93,116.31
6,19,39.85,116.45,39.84,116.44
3,7,39.84,116.29,39.84,116.29
3,8,39.95,116.43,39.95,116.42
4,10,39.84,116.32,39.84,116.32
4,12,39.84,116.4,39.84,116.4
4,21,39.9,116.46,39.89,116.46
1,7,39.86,116.4,39.85,116.4
0,8,39.81,116.3,39.81,116.31
0,15,39.98,116.49,39.99,116.49
4,19,39.85,116.38,39.84,116.38
2,15,40.0,116.49,40.01,116.48
4,8,39.96,116.34,39.96,116.34
0,17,39.89,116.1,39.89,116.1
2,14,39.97,116.43,39.97,116.43
6,15,39.93,116.17,39.93,116.17
3,22,39.92,116.44,39.92,116.45
1,15,39.93,116.31,39.93,116.31
1,13,39.93,116.47,39.92,116.48
3,19,39.88,116.39,39.87,116.38
3,12,39.99,116.38,39.99,116.39
6,11,39.84,116.4,39.84,116.41
0,7,39.95,116.35,39.94,116.35
4,18,39.73,116.14,39.73,116.14
6,9,40.0,116.35,39.99,116.35
4,14,39.2,117.2,39.2,117.2
5,14,39.91,116.42,39.92,116.41
3,16,39.74,116.45,39.75,116.45
3,19,39.99,116.47,40.0,116.47
1,8,39.93,116.62,39.93,116.62
6,9,39.88,116.45,39.88,116.46
4,2,39.84,116.37,39.84,116.37
2,16,39.99,116.54,40.0,116.53
3,7,40.11,116.3,40.1,116.31
6,17,39.89,116.34,39.89,116.37
4,16,39.9,116.36,39.9,116.36
2,19,40.04,116.35,40.03,116.36
2,8,39.96,116.33,39.96,116.32
6,18,39.85,116.38,39.85,116.39
3,22,40.03,116.35,40.03,116.34
3,17,40.1,116.27,40.09,116.29
5,16,39.89,116.21,39.89,116.21
5,6,40.11,116.66,40.11,116.66
6,15,39.91,116.47,39.91,116.47
6,21,39.93,116.48,39.93,116.47
4,21,39.85,116.45,39.84,116.45
2,17,39.99,116.39,39.98,116.39
3,19,39.84,116.19,39.84,116.19
2,13,39.96,116.12,39.96,116.11
4,19,39.88,116.47,39.88,116.46
3,6,39.94,116.1,39.94,116.11
2,18,39.92,116.64,39.91,116.65
2,15,40.12,116.3,40.11,116.31
3,10,39.86,116.46,39.86,116.46
4,6,39.86,116.39,39.85,116.4
4,13,40.04,116.29,40.07,116.28
4,8,40.23,116.23,40.22,116.23
3,9,39.92,116.34,39.92,116.34
4,8,39.91,116.31,39.91,116.3
1,17,39.96,116.45,39.96,116.46
3,20,39.83,116.44,39.84,116.44
3,11,39.88,116.35,39.88,116.35
5,8,39.93,116.32,39.93,116.32
3,14,39.89,116.46,39.88,116.48
3,17,39.92,116.36,39.92,116.37
6,16,39.85,116.4,39.86,116.39
3,7,40.02,116.29,40.01,116.29
1,9,39.82,116.2,39.82,116.21
5,8,39.89,116.46,39.89,116.47
5,12,39.85,116.43,39.85,116.43
3,14,39.82,116.45,39.81,116.45
3,8,39.9,116.49,39.9,116.49
1,20,39.74,116.14,39.74,116.14
2,14,39.92,116.3,39.93,116.3
2,8,39.93,116.32,39.92,116.34
2,7,39.85,116.43,39.86,116.42
3,7,39.76,116.19,39.76,116.19
6,9,39.93,116.4,39.93,116.4
1,10,39.96,116.31,39.95,116.3
3,20,40.03,116.28,40.03,116.28
0,16,39.97,116.42,39.97,116.42
6,6,39.84,116.29,39.84,116.29
2,19,39.79,116.22,39.79,116.21
6,13,40.04,116.29,40.05,116.29
4,7,39.91,116.55,39.91,116.55
4,8,39.74,116.54,39.74,116.54
3,7,39.87,116.45,39.87,116.46
5,18,39.97,116.37,39.97,116.38
6,11,39.92,116.58,39.92,116.58
2,11,39.91,116.36,39.91,116.37
6,18,39.81,116.42,39.81,116.42
2,19,39.92,116.5,39.92,116.49
2,9,39.99,116.36,39.99,116.36
2,14,39.85,116.41,39.85,116.41
3,6,39.99,116.46,40.0,116.45
2,9,39.99,116.36,39.98,116.36
6,21,40.04,116.42,40.04,116.42
6,7,39.95,116.37,39.94,116.37
6,15,39.91,116.25,39.91,116.25
2,17,39.86,116.44,39.85,116.44
2,20,39.89,116.34,39.89,116.35
5,15,40.05,116.47,40.05,116.46
6,0,39.85,116.41,39.85,116.41
3,19,39.99,116.47,40.0,116.47
3,1,39.88,116.25,39.87,116.26
3,6,39.86,116.4,39.87,116.4
4,19,39.85,116.39,39.85,116.39
4,8,39.9,116.35,39.89,116.38
6,11,39.93,116.46,39.94,116.45
1,6,39.93,116.48,39.93,116.48
5,11,39.88,116.68,39.87,116.68
4,7,39.97,116.33,39.97,116.32
3,9,39.93,116.33,39.93,116.33
5,9,39.96,116.44,39.95,116.46
1,8,39.94,116.29,39.93,116.3
4,8,39.93,116.34,39.93,116.35
3,7,39.96,116.3,39.97,116.3
4,5,39.9,116.32,39.9,116.37
6,20,39.88,116.33,39.88,116.32
2,11,39.96,116.33,39.95,116.33
1,12,39.82,116.44,39.81,116.44
4,12,39.86,116.41,39.87,116.41
6,18,39.91,116.37,39.91,116.37
1,14,39.85,116.25,39.85,116.25
5,11,39.96,116.4,39.96,116.4
4,9,39.89,116.41,39.89,116.43
1,7,39.99,116.49,39.99,116.48
3,20,39.78,116.52,39.78,116.52
4,7,39.98,116.38,39.98,116.38
2,7,39.84,116.41,39.86,116.4
3,7,39.93,116.28,39.93,116.28
3,10,39.84,116.44,39.84,116.43
4,11,39.76,116.35,39.75,116.35
3,13,39.82,116.29,39.81,116.3
1,14,39.94,116.29,39.93,116.29
0,15,39.95,116.29,39.94,116.31
5,11,39.89,116.32,39.88,116.32
2,18,39.99,116.36,39.98,116.35
5,12,39.84,116.41,39.84,116.41
3,6,39.84,116.44,39.85,116.43
3,15,39.89,116.43,39.9,116.42
1,21,39.97,116.5,39.97,116.49
3,13,39.89,116.47,39.9,116.47
6,23,39.87,116.48,39.88,116.48
1,22,40.11,116.32,40.11,116.32
4,16,39.89,116.1,39.89,116.1
3,9,39.96,116.38,39.95,116.38
2,5,40.13,116.44,40.13,116.43
5,8,40.0,116.46,40.0,116.46
4,8,39.9,116.42,39.9,116.41
4,21,39.82,116.37,39.82,116.37
5,12,39.94,116.3,39.94,116.3
6,8,39.92,116.18,39.91,116.18
6,14,39.86,116.39,39.86,116.39
4,21,39.81,116.46,39.8,116.5
1,23,39.75,116.28,39.74,116.27
6,18,39.92,116.45,39.93,116.44
3,19,39.89,116.46,39.88,116.46
4,21,39.81,116.45,39.82,116.45
0,21,39.77,116.5,39.77,116.5
3,13,39.98,116.31,40.05,116.3
4,12,39.82,116.28,39.82,116.29
4,11,39.95,116.31,39.95,116.33
3,18,39.97,116.45,39.97,116.44
0,22,39.94,116.34,39.93,116.36
2,12,39.85,116.32,39.85,116.31
6,22,39.8,116.58,39.8,116.59
2,17,39.91,116.45,39.91,116.46
1,8,39.93,116.19,39.94,116.19
4,9,40.07,116.33,40.08,116.33
2,21,39.95,116.37,39.95,116.36
4,18,39.87,116.29,39.86,116.29
5,10,39.85,116.4,39.85,116.4
1,11,39.85,116.38,39.85,116.37
5,11,39.83,116.3,39.82,116.3
2,16,39.96,116.36,39.96,116.37
2,6,39.93,116.17,39.93,116.18
5,16,39.96,116.4,39.96,116.4
2,8,40.07,116.32,40.07,116.33
6,12,39.8,116.42,39.81,116.41
6,17,39.93,116.19,39.94,116.19
2,18,40.0,116.47,39.99,116.47
2,11,39.93,116.2,39.92,116.21
5,13,39.94,116.43,39.93,116.43
0,6,39.89,116.21,39.89,116.27
5,15,39.88,116.33,39.88,116.34
2,6,39.93,116.61,39.93,116.62
4,9,39.8,116.58,39.8,116.58
0,18,39.84,116.37,39.84,116.37
4,17,39.93,116.39,39.93,116.38
1,12,39.92,116.36,39.92,116.36
0,9,39.92,116.46,39.92,116.47
2,11,39.79,116.5,39.79,116.51
4,8,39.91,116.51,39.9,116.51
4,8,39.9,116.44,39.92,116.44
0,16,39.75,116.5,39.76,116.49
3,18,39.96,116.5,39.96,116.49
4,6,39.99,116.44,39.99,116.43
5,10,39.84,116.43,39.84,116.43
2,15,39.91,116.37,39.91,116.36
2,5,39.75,116.17,39.75,116.18
3,8,39.91,116.12,39.91,116.15
4,8,39.93,116.24,39.93,116.25
4,18,39.87,116.53,39.86,116.53
4,18,39.83,116.33,39.85,116.33
1,6,39.88,116.68,39.89,116.68
5,7,39.88,116.22,39.88,116.22
0,6,40.09,116.37,40.08,116.36
5,17,39.96,116.38,39.96,116.38
0,13,40.03,116.3,40.04,116.29
2,7,39.89,116.42,39.89,116.42
0,11,39.91,116.25,39.91,116.25
2,7,39.98,116.41,39.99,116.4
4,10,39.95,116.32,39.96,116.31
3,18,40.1,116.28,40.1,116.28
6,10,39.97,116.39,39.97,116.38
3,9,39.85,116.37,39.85,116.37
0,17,40.0,116.34,40.0,116.33
2,17,39.95,116.36,39.97,116.35
2,19,39.84,116.43,39.84,116.44
3,17,39.97,116.32,39.96,116.31
1,7,40.08,116.42,40.07,116.41
3,14,39.91,116.37,39.91,116.38
4,7,39.84,116.46,39.86,116.46
5,11,40.11,116.66,40.11,116.67
1,15,39.99,116.42,39.99,116.42
1,11,39.98,116.32,39.98,116.32
6,17,39.93,116.62,39.93,116.61
3,22,39.93,116.63,39.93,116.63
0,16,40.06,116.38,40.06,116.37
6,8,39.93,116.33,39.93,116.32
2,20,39.79,116.28,39.78,116.28
3,8,39.83,116.65,39.84,116.64
4,12,39.8,116.58,39.8,116.58
2,7,39.85,116.4,39.85,116.4
5,17,39.92,116.46,39.92,116.47
3,10,39.91,116.19,39.91,116.19
4,16,39.96,116.38,39.96,116.37
4,13,39.8,116.4,39.8,116.4
4,7,39.95,116.42,39.95,116.42
4,11,39.97,116.43,39.97,116.42
3,12,39.85,116.37,39.85,116.38
6,17,40.04,116.44,40.05,116.43
6,10,39.84,116.46,39.84,116.46
0,20,40.05,116.22,40.05,116.23
5,10,39.89,116.31,39.88,116.32
1,6,39.87,116.33,39.87,116.34
6,16,39.93,116.35,39.93,116.35
3,17,39.88,116.25,39.87,116.26
2,8,39.87,116.68,39.88,116.68
4,9,39.92,116.46,39.95,116.46
6,22,39.91,116.3,39.91,116.3
4,7,39.85,116.22,39.84,116.21
1,13,39.89,116.38,39.88,116.38
6,8,39.82,116.34,39.82,116.33
5,10,39.87,116.48,39.88,116.48
6,10,39.8,116.59,39.8,116.59
2,17,40.13,116.27,40.13,116.26
2,19,39.85,116.45,39.86,116.44
2,22,39.96,116.42,39.96,116.42
5,7,39.97,116.31,39.96,116.3
1,12,39.98,116.34,39.98,116.35
6,7,39.87,116.51,39.87,116.51
1,23,39.9,116.39,39.9,116.38
5,21,39.91,116.5,39.91,116.5
5,17,39.9,116.42,39.89,116.42
1,20,39.97,116.26,39.97,116.26
3,22,40.08,116.37,40.08,116.38
3,6,40.01,116.25,40.0,116.28
6,19,39.92,116.52,39.92,116.52
0,18,39.84,116.32,39.85,116.32
6,17,39.95,116.28,39.95,116.29
1,8,39.9,116.37,39.91,116.36
1,21,39.72,116.57,39.72,116.57
3,18,40.01,116.35,40.0,116.34
5,21,40.05,116.44,40.05,116.44
0,20,39.78,116.4,39.78,116.4
0,11,39.87,116.48,39.88,116.48
3,20,39.85,116.41,39.85,116.41
5,7,39.88,116.59,39.88,116.59
6,11,39.98,116.35,39.98,116.34
3,9,39.86,116.44,39.87,116.44
2,7,39.96,116.4,39.96,116.41
2,9,40.09,116.34,40.09,116.36
6,7,39.99,116.48,39.98,116.49
0,18,39.81,116.46,39.8,116.45
3,17,39.94,116.27,39.94,116.27
6,21,39.93,116.19,39.93,116.18
4,7,39.98,116.42,39.97,116.43
6,20,39.86,116.47,39.87,116.46
5,17,39.93,116.47,39.93,116.47
0,12,39.91,116.31,39.91,116.31
0,12,39.94,116.45,39.94,116.45
0,17,39.96,116.36,39.95,116.37
3,17,40.09,116.42,40.09,116.42
4,9,39.91,116.34,39.91,116.34
1,17,39.93,116.31,39.93,116.32
0,6,39.92,116.47,39.91,116.47
2,8,39.78,116.42,39.79,116.42
3,17,39.84,116.39,39.84,116.39
3,20,39.96,116.52,39.95,116.52
4,17,39.92,116.52,39.92,116.54
2,7,40.0,116.5,39.99,116.49
5,11,39.99,116.42,40.0,116.42
2,11,39.8,116.48,39.79,116.48
3,11,39.72,116.35,39.73,116.34
3,16,40.02,116.47,40.01,116.47
5,9,39.87,116.5,39.86,116.51
0,7,40.06,116.41,40.05,116.41
6,10,40.11,116.62,40.11,116.62
6,14,39.92,116.47,39.92,116.47
6,8,39.97,116.29,39.96,116.28
6,14,39.76,116.5,39.76,116.49
5,9,39.96,116.45,39.96,116.45
3,11,39.88,116.39,39.88,116.39
4,19,40.09,116.29,40.11,116.28
5,9,39.84,116.41,39.84,116.41
1,20,39.9,116.46,39.9,116.45
6,8,40.15,116.29,40.15,116.29
4,14,39.92,116.49,39.91,116.49
0,11,40.0,116.41,40.0,116.41
1,22,39.86,116.26,39.86,116.26
2,8,39.94,116.43,39.94,116.43
3,19,40.21,116.81,40.21,116.81
3,18,39.92,116.52,39.93,116.52
0,17,39.94,116.19,39.94,116.2
4,7,39.96,116.51,39.96,116.5
4,14,39.91,116.18,39.91,116.19
5,11,40.0,116.43,39.99,116.42
4,17,39.79,116.33,39.78,116.33
2,16,39.86,116.47,39.85,116.47
2,5,39.85,116.41,39.85,116.4
0,15,39.8,116.51,39.8,116.51
3,9,39.99,116.33,39.99,116.33
6,19,39.75,116.56,39.74,116.56
3,21,39.89,116.3,39.88,116.3
0,17,39.96,116.42,39.95,116.43
6,18,39.91,116.72,39.91,116.72
2,7,39.93,116.51,39.92,116.52
0,6,39.92,116.44,39.92,116.44
0,22,39.91,116.44,39.91,116.44
3,18,39.99,116.49,39.98,116.48
3,7,39.84,116.47,39.83,116.46
6,10,40.02,116.28,40.02,116.28
0,17,40.0,116.41,40.0,116.42
3,10,40.05,116.41,40.04,116.41
2,17,40.05,116.31,40.05,116.31
6,8,40.08,116.34,40.08,116.33
1,19,39.91,116.31,39.9,116.31
1,17,39.99,116.42,39.99,116.42
6,14,40.02,116.37,40.04,116.37
4,11,39.9,116.51,39.9,116.5
3,22,39.91,116.47,39.92,116.47
4,7,39.91,116.46,39.91,116.46
4,6,39.9,116.75,39.91,116.74
5,8,39.96,116.44,39.96,116.44
4,8,39.89,116.32,39.91,116.31
3,20,39.86,116.38,39.86,116.39
0,16,40.09,116.36,40.09,116.36
6,19,40.05,116.42,40.04,116.41
3,18,39.87,116.49,39.87,116.48
6,17,39.89,116.23,39.9,116.22
0,15,39.9,116.32,39.9,116.32
6,10,40.0,116.54,40.0,116.53
1,16,39.85,116.44,39.85,116.43
4,17,39.93,116.36,39.93,116.36
5,0,39.89,116.22,39.89,116.22
3,5,39.9,116.58,39.91,116.58
3,6,40.09,116.4,40.08,116.4
0,6,39.92,116.48,39.92,116.48
6,7,39.82,116.37,39.81,116.37
2,11,39.92,116.47,39.91,116.47
6,21,39.74,116.54,39.74,116.55
3,18,39.92,116.44,39.91,116.45
4,8,39.99,116.43,39.98,116.44
5,12,40.05,116.44,40.04,116.43
0,20,39.83,116.55,39.83,116.55
3,5,39.94,116.38,39.94,116.38
5,19,39.99,116.69,39.99,116.68
0,18,39.96,116.32,39.95,116.32
5,18,39.74,116.55,39.74,116.54
3,15,40.1,116.29,40.1,116.28
4,19,39.95,116.32,39.96,116.32
4,8,39.82,116.52,39.82,116.52
5,7,39.9,116.26,39.9,116.28
2,21,39.95,116.37,39.95,116.37
6,20,40.08,116.41,40.07,116.41
4,11,39.95,116.44,39.94,116.44
0,13,39.91,116.53,39.92,116.53
6,10,39.78,116.42,39.78,116.42
1,17,39.92,116.33,39.93,116.32
4,7,39.87,116.36,39.88,116.35
0,18,40.05,116.44,40.04,116.44
0,7,39.77,116.57,39.78,116.56
3,6,39.9,116.42,39.91,116.42
4,6,39.86,116.41,39.86,116.4
6,8,39.91,116.59,39.91,116.58
0,20,39.83,116.34,39.83,116.34
4,16,39.93,116.26,39.93,116.27
1,15,39.94,116.45,39.93,116.46
1,17,39.86,116.29,39.86,116.3
6,11,39.87,116.3,39.88,116.3
4,16,39.98,116.26,39.99,116.25
1,8,39.95,116.29,39.95,116.29
4,5,39.86,116.37,39.9,116.36
6,16,39.93,116.52,39.93,116.51
3,14,39.89,116.47,39.89,116.47
6,13,39.88,116.47,39.88,116.46
3,7,39.89,116.27,39.89,116.29
2,7,39.93,116.19,39.93,116.19
3,8,40.0,116.47,39.99,116.48
0,21,40.05,116.4,40.05,116.4
4,7,39.98,116.37,39.99,116.37
4,9,39.85,116.44,39.85,116.44
4,18,39.93,116.58,39.93,116.59
1,12,39.93,116.38,39.93,116.37
4,8,39.92,116.44,39.91,116.44
5,21,39.85,116.43,39.84,116.42
4,12,39.95,116.11,39.95,116.11
4,13,39.86,116.47,39.87,116.46
1,10,39.71,116.38,39.7,116.37
1,13,39.71,116.32,39.71,116.31
4,11,39.91,116.21,39.93,116.2
4,10,39.99,116.43,39.99,116.43
3,8,39.91,116.33,39.91,116.33
2,10,39.96,116.21,39.96,116.21
0,18,40.03,116.42,40.03,116.42
1,13,39.87,116.44,39.86,116.44
3,21,39.76,116.22,39.76,116.22
4,6,39.98,116.4,39.97,116.4
6,18,39.82,116.29,39.82,116.29
3,7,39.83,116.42,39.82,116.42
0,8,39.81,116.41,39.8,116.41
1,6,39.86,116.54,39.86,116.54
0,8,39.97,116.32,39.96,116.33
4,22,39.85,116.43,39.85,116.43
1,19,39.93,116.58,39.93,116.58
6,18,40.1,116.29,40.09,116.29
1,7,40.06,116.32,40.06,116.32
6,14,40.0,116.43,40.0,116.43
5,12,39.95,116.36,39.94,116.36
3,13,39.7,116.38,39.7,116.37
0,17,39.94,116.37,39.94,116.37
4,17,39.82,116.28,39.82,116.29
6,22,39.89,116.36,39.88,116.37
6,20,39.85,116.43,39.84,116.43
6,22,39.85,116.52,39.85,116.52
1,12,39.98,116.32,39.97,116.32
4,10,39.83,116.56,39.83,116.56
3,7,39.88,116.24,39.87,116.25
1,12,40.04,116.37,40.04,116.36
0,17,40.1,116.42,40.1,116.42
1,14,39.89,116.46,39.89,116.49
3,9,39.92,116.37,39.92,116.37
0,20,40.09,116.37,40.09,116.38
6,13,39.86,116.37,39.87,116.37
5,14,40.14,116.21,40.15,116.2
4,12,39.97,116.34,39.97,116.35
1,13,39.95,116.28,39.95,116.29
3,6,40.03,116.33,40.03,116.35
2,12,40.03,116.31,40.02,116.32
6,18,40.0,116.37,39.99,116.37
2,6,39.93,116.17,39.93,116.18
4,8,39.81,116.42,39.81,116.41
6,12,39.86,116.39,39.86,116.38
1,9,39.84,116.55,39.83,116.55
2,13,39.9,116.64,39.9,116.65
1,7,39.81,116.37,39.81,116.37
4,10,39.9,116.52,39.9,116.52
5,17,39.91,116.47,39.91,116.46
2,17,39.99,116.47,40.0,116.47
6,9,39.86,116.24,39.85,116.24
3,7,39.85,116.39,39.84,116.38
6,19,39.9,116.23,39.89,116.22
6,10,39.92,116.4,39.92,116.4
3,7,40.01,116.35,40.0,116.34
6,14,40.04,116.34,40.04,116.36
5,15,39.86,116.43,39.86,116.43
6,18,39.96,116.37,39.95,116.37
3,19,39.76,116.55,39.76,116.55
0,16,39.95,116.55,39.95,116.55
6,16,40.07,116.28,40.07,116.28
1,14,39.92,116.2,39.92,116.2
5,20,39.64,116.07,39.64,116.08
0,22,39.87,116.29,39.87,116.29
3,20,40.01,116.47,40.01,116.47
4,19,39.95,116.32,39.97,116.31
4,9,40.0,116.43,40.0,116.43
5,22,39.8,116.65,39.81,116.65
4,17,39.94,116.4,39.94,116.4
5,17,39.89,116.24,39.89,116.24
4,7,39.89,116.51,39.89,116.5
5,22,39.91,116.35,39.92,116.34
5,18,39.83,116.44,39.84,116.43
4,7,39.98,116.42,39.97,116.43
3,14,39.92,116.43,39.92,116.43
1,18,39.93,116.42,39.93,116.42
4,13,39.93,116.29,39.92,116.29
3,17,39.89,116.44,39.89,116.44
1,6,39.97,116.41,39.97,116.42
4,8,39.88,116.4,39.89,116.39
3,18,39.86,116.54,39.86,116.54
3,14,39.92,116.52,39.92,116.51
0,7,39.78,116.29,39.79,116.29
6,10,39.88,116.67,39.89,116.66
6,19,39.86,116.26,39.87,116.26
0,20,39.87,116.46,39.86,116.46
4,9,39.91,116.33,39.9,116.32
2,12,40.0,116.48,39.99,116.47
5,12,40.08,116.35,40.09,116.35
6,12,39.9,116.43,39.89,116.46
2,18,39.94,116.35,39.95,116.34
3,19,39.86,116.37,39.86,116.37
3,19,39.9,116.47,39.9,116.47
4,19,40.0,116.33,40.0,116.33
5,11,39.85,116.44,39.85,116.45
1,16,39.93,116.21,39.93,116.21
3,17,39.96,116.38,39.97,116.38
6,20,39.92,116.2,39.91,116.21
4,8,40.03,116.44,40.04,116.43
2,10,39.86,116.4,39.85,116.42
0,22,39.85,116.47,39.84,116.47
5,16,39.85,116.4,39.86,116.4
3,6,39.92,116.19,39.92,116.19
1,12,40.04,116.23,40.04,116.23
4,17,39.92,116.45,39.92,116.44
2,8,39.96,116.36,39.96,116.36
5,10,39.91,116.19,39.91,116.19
2,9,39.93,116.64,39.94,116.64
3,8,39.96,116.5,39.97,116.49
1,7,40.03,116.27,40.02,116.27
0,12,39.97,116.39,39.96,116.39
0,19,39.93,116.21,39.93,116.21
5,21,39.83,116.3,39.82,116.29
5,11,39.91,116.62,39.91,116.61
5,21,39.86,116.29,39.85,116.29
6,13,39.86,116.48,39.86,116.48
3,19,39.85,116.42,39.84,116.42
3,14,39.99,116.51,39.99,116.51
4,10,39.98,116.37,39.97,116.39
0,12,40.03,116.28,40.03,116.28
1,8,39.85,116.33,39.85,116.32
6,13,40.04,116.26,40.03,116.27
5,9,39.95,116.28,39.95,116.29
2,11,40.0,116.47,40.0,116.48
3,12,39.98,116.48,39.98,116.48
6,16,39.96,116.34,39.96,116.34
1,11,39.74,116.14,39.73,116.13
2,7,39.88,116.34,39.89,116.34
2,10,39.96,116.49,39.96,116.49
1,16,39.97,116.42,39.97,116.45
2,12,39.88,116.67,39.88,116.67
6,20,39.94,116.36,39.94,116.36
4,11,39.99,116.33,39.98,116.34
0,17,39.94,116.44,39.93,116.5
0,10,39.99,116.33,39.99,116.33
3,17,40.07,116.23,40.07,116.23
3,12,39.92,116.43,39.92,116.42
6,8,39.93,116.47,39.93,116.47
1,10,39.83,116.4,39.82,116.4
0,15,39.94,116.45,39.94,116.45
3,8,39.97,116.4,39.99,116.4
3,19,40.03,116.31,40.04,116.3
6,18,39.99,116.39,40.01,116.39
3,21,39.95,116.29,39.94,116.29
1,11,39.87,116.42,39.86,116.43
3,19,39.89,116.46,39.88,116.46
2,7,39.92,116.41,39.91,116.42
3,13,39.84,116.34,39.85,116.34
1,14,39.87,116.4,39.87,116.39
6,20,39.9,116.42,39.91,116.41
2,8,39.79,116.43,39.79,116.42
2,18,39.87,116.69,39.86,116.69
0,7,39.89,116.35,39.88,116.35
1,7,39.93,116.48,39.92,116.48
2,6,39.93,116.5,39.92,116.5
0,19,39.91,116.35,39.9,116.35
2,13,39.92,116.69,39.91,116.69
0,6,39.92,116.55,39.92,116.55
5,7,39.76,116.41,39.76,116.41
4,18,39.76,116.49,39.76,116.5
2,14,39.96,116.33,39.96,116.33
5,19,39.89,116.6,39.88,116.6
6,9,39.82,116.5,39.81,116.5
6,16,39.93,116.18,39.93,116.17
3,23,39.76,116.55,39.75,116.55
4,9,39.92,116.44,39.92,116.44
3,8,39.84,116.42,39.84,116.42
3,21,40.12,116.21,40.12,116.21
6,11,39.92,116.61,39.92,116.61
3,7,39.93,116.49,39.92,116.48
0,7,39.88,116.37,39.88,116.37
6,12,39.92,116.54,39.92,116.53
3,17,39.94,116.45,39.93,116.45
6,16,39.84,116.3,39.84,116.3
4,20,39.98,116.44,39.97,116.45
0,6,39.99,116.34,39.99,116.35
0,15,40.01,116.41,40.0,116.42
6,8,40.03,116.34,40.04,116.34
1,12,39.93,116.47,39.93,116.47
4,7,39.94,116.37,39.93,116.37
4,12,39.9,116.44,39.89,116.43
2,17,39.92,116.5,39.93,116.5
3,16,39.87,116.25,39.87,116.25
6,19,39.91,116.63,39.92,116.62
2,20,39.95,116.32,39.94,116.33
6,17,39.95,116.36,39.95,116.36
1,8,40.0,116.42,40.0,116.42
3,20,39.84,116.34,39.84,116.34
0,23,39.96,116.42,39.96,116.43
2,7,39.82,116.41,39.81,116.4
3,15,39.84,116.43,39.84,116.44
6,6,39.82,116.48,39.81,116.48
2,8,39.87,116.4,39.87,116.39
3,8,39.76,116.23,39.77,116.23
3,18,39.86,116.19,39.87,116.18
6,11,39.87,116.34,39.87,116.33
3,12,39.98,116.34,39.98,116.35
6,21,39.95,116.3,39.95,116.3
0,19,39.89,116.61,39.89,116.61
5,9,39.87,116.56,39.87,116.56
3,18,39.88,116.33,39.88,116.33
2,17,40.21,116.82,40.21,116.82
6,21,39.93,116.48,39.93,116.48
1,21,39.84,116.42,39.84,116.41
4,16,39.94,116.28,39.93,116.3
1,18,40.09,116.27,40.11,116.27
2,7,39.85,116.28,39.84,116.29
4,7,40.05,116.33,40.05,116.33
1,11,39.96,116.35,39.96,116.35
4,18,39.93,116.37,39.93,116.37
1,12,39.88,116.35,39.89,116.34
1,7,39.97,116.34,39.96,116.35
6,5,39.99,116.34,39.99,116.33
1,9,39.96,116.5,39.97,116.5
4,11,40.07,116.32,40.07,116.31
4,10,39.91,116.46,39.92,116.45
0,14,39.92,116.34,39.91,116.34
2,18,39.74,116.56,39.74,116.55
4,6,39.79,116.28,39.79,116.28
6,17,39.8,116.53,39.8,116.56
5,16,39.96,116.3,39.96,116.31
1,21,39.91,116.63,39.91,116.63
3,17,39.9,116.24,39.89,116.25
0,6,39.96,116.4,39.96,116.4
3,12,40.0,116.31,40.0,116.31
4,14,39.95,116.34,39.97,116.33
3,7,39.9,116.2,39.91,116.2
6,20,39.84,116.32,39.84,116.31
0,16,39.84,116.4,39.85,116.4
4,8,39.81,116.41,39.8,116.4
1,12,40.08,116.25,40.08,116.25
1,11,39.94,116.44,39.94,116.45
1,8,39.87,116.55,39.88,116.55
3,14,39.8,116.58,39.79,116.59
3,18,39.92,116.45,39.91,116.46
3,7,39.96,116.39,39.95,116.39
1,9,39.94,116.35,39.94,116.35
6,5,39.91,116.49,39.91,116.5
6,10,39.88,116.33,39.88,116.33
3,8,39.93,116.59,39.93,116.58
3,17,39.81,116.45,39.8,116.44
2,7,39.91,116.18,39.91,116.19
3,6,39.98,116.4,39.97,116.41
5,7,40.11,116.27,40.1,116.27
3,22,39.88,116.48,39.89,116.48
4,12,39.9,116.46,39.91,116.45
5,11,39.9,116.36,39.9,116.35
5,10,39.81,116.41,39.81,116.4
6,16,39.97,116.45,39.96,116.45
4,13,39.87,116.31,39.87,116.3
6,8,39.8,116.29,39.8,116.29
2,7,39.93,116.33,39.92,116.33
3,7,39.93,116.17,39.93,116.18
4,13,39.9,116.39,39.89,116.39
0,10,39.92,116.45,39.92,116.45
4,21,39.98,116.41,39.99,116.41
4,10,39.85,116.28,39.84,116.28
4,7,39.81,116.49,39.8,116.5
6,10,39.99,116.46,39.99,116.46
0,10,39.93,116.59,39.93,116.6
1,11,39.91,116.55,39.91,116.56
2,21,39.95,116.31,39.96,116.3
1,7,39.75,116.55,39.75,116.56
1,14,39.91,116.56,39.91,116.56
0,10,39.91,116.27,39.9,116.28
4,8,39.97,116.51,39.98,116.5
4,6,40.07,116.37,40.07,116.36
0,13,39.91,116.24,39.9,116.24
0,18,39.97,116.49,39.98,116.48
5,16,39.97,116.28,39.97,116.28
2,8,39.93,116.48,39.93,116.47
2,18,39.98,116.37,39.97,116.38
5,8,39.92,116.16,39.93,116.15
2,15,40.04,116.44,40.04,116.43
3,19,39.82,116.44,39.81,116.45
0,6,39.98,116.41,39.98,116.42
2,22,39.87,116.27,39.88,116.27
3,17,40.09,116.31,40.09,116.3
3,11,39.91,116.34,39.91,116.35
5,11,39.93,116.21,39.93,116.21
0,12,39.92,116.66,39.91,116.65
4,11,39.93,116.28,39.93,116.28
5,12,39.9,116.35,39.9,116.35
1,7,39.9,116.58,39.91,116.58
6,16,39.79,116.4,39.78,116.4
1,12,39.98,116.49,39.99,116.48
3,9,39.96,116.34,39.96,116.34
4,19,39.93,116.31,39.92,116.31
0,17,39.87,116.46,39.86,116.47
4,12,39.93,116.32,39.93,116.33
1,8,40.08,116.44,40.08,116.44
3,17,39.9,116.12,39.9,116.11
3,12,39.92,116.58,39.91,116.59
0,12,39.9,116.42,39.9,116.41
4,12,40.0,116.36,40.0,116.36
3,22,39.85,116.37,39.85,116.36
4,12,39.97,116.3,39.97,116.3
6,16,40.01,116.35,40.01,116.35
3,7,39.87,116.27,39.86,116.26
1,21,39.84,116.39,39.83,116.39
3,21,39.83,116.25,39.85,116.25
0,16,39.95,116.47,39.95,116.47
6,10,39.91,116.26,39.9,116.26
3,12,39.88,116.55,39.87,116.55
0,18,39.97,116.72,39.96,116.72
5,7,39.89,116.21,39.88,116.21
6,16,39.8,116.59,39.8,116.58
0,18,39.81,116.4,39.81,116.42
3,14,39.77,116.54,39.78,116.54
6,10,39.76,116.5,39.76,116.5
3,18,40.05,116.41,40.05,116.4
3,17,39.93,116.16,39.93,116.16
6,10,39.94,116.34,39.93,116.35
0,14,39.78,116.43,39.78,116.44
3,10,39.86,116.38,39.86,116.37
1,6,39.92,116.54,39.92,116.55
3,13,40.02,116.47,40.02,116.47
2,18,39.89,116.36,39.89,116.36
1,8,39.96,116.37,39.97,116.36
2,12,40.0,116.48,39.99,116.47
3,7,39.86,116.46,39.85,116.48
5,7,39.9,116.22,39.89,116.23
0,7,39.94,116.31,39.93,116.31
0,13,39.96,116.46,39.96,116.46
6,17,39.94,116.45,39.94,116.46
4,8,39.93,116.59,39.93,116.58
0,17,39.93,116.37,39.96,116.37
4,6,39.84,116.28,39.83,116.3
3,7,39.92,116.52,39.92,116.52
3,7,39.98,116.37,39.97,116.37
5,6,39.88,116.34,39.89,116.34
3,21,39.86,116.39,39.86,116.38
0,17,39.81,116.37,39.81,116.37
0,19,40.0,116.46,39.99,116.46
5,15,39.8,116.58,39.8,116.58
1,16,39.89,116.23,39.89,116.23
2,20,39.88,116.67,39.88,116.66
4,18,40.06,116.35,40.06,116.34
1,19,39.86,116.44,39.86,116.44
0,6,39.85,116.3,39.84,116.3
0,18,39.89,116.37,39.89,116.38
5,15,39.86,116.3,39.86,116.3
1,7,39.93,116.61,39.93,116.6
0,20,40.0,116.61,40.0,116.6
2,7,39.93,116.33,39.93,116.33
3,16,39.88,116.46,39.88,116.48
0,19,39.9,116.65,39.9,116.64
1,8,39.97,116.31,39.97,116.32
6,16,39.92,116.46,39.91,116.46
1,9,39.93,116.48,39.93,116.49
0,8,39.98,116.41,39.97,116.41
3,18,39.89,116.24,39.89,116.23
1,7,39.93,116.35,39.93,116.36
4,8,40.07,116.32,40.07,116.31
4,16,39.89,116.68,39.89,116.68
0,18,39.98,116.49,39.97,116.49
2,20,39.91,116.23,39.91,116.22
1,21,39.93,116.5,39.92,116.51
6,7,39.93,116.37,39.93,116.37
2,22,39.86,116.45,39.86,116.45
6,17,39.91,116.3,39.91,116.3
2,8,39.98,116.35,39.99,116.35
2,6,39.84,116.39,39.84,116.39
3,14,39.89,116.47,39.9,116.46
0,6,39.8,116.43,39.81,116.42
3,14,39.84,116.29,39.83,116.29
4,9,40.01,116.34,40.01,116.34
0,17,39.86,116.22,39.86,116.22
4,19,39.81,116.45,39.8,116.45
3,12,39.92,116.41,39.92,116.4
5,9,39.89,116.37,39.89,116.37
2,8,39.9,116.52,39.89,116.51
4,12,39.79,116.93,39.78,116.93
2,17,39.91,116.45,39.91,116.47
5,20,39.88,116.48,39.87,116.48
0,12,39.96,116.5,39.96,116.5
2,16,39.85,116.37,39.85,116.37
3,19,40.04,116.35,40.03,116.36
3,7,39.89,116.48,39.89,116.47
6,15,39.93,116.46,39.93,116.45
5,9,40.05,116.31,40.05,116.31
5,9,39.91,116.44,39.92,116.44
3,8,40.16,116.26,40.15,116.26
3,17,39.85,116.43,39.84,116.43
3,19,39.92,116.52,39.92,116.52
6,9,39.95,116.43,39.96,116.42
3,20,39.81,116.34,39.82,116.34
1,14,39.94,116.47,39.93,116.48
2,7,39.84,116.43,39.84,116.43
1,14,39.97,116.41,39.97,116.41
3,18,40.07,116.38,40.07,116.38
5,14,39.86,116.82,39.87,116.82
3,7,39.81,116.58,39.8,116.59
4,13,39.96,116.43,39.95,116.42
3,13,39.91,116.21,39.9,116.22
5,13,39.91,116.19,39.91,116.19
6,16,39.79,116.58,39.8,116.58
6,22,39.95,116.46,39.95,116.46
1,23,39.95,116.41,39.95,116.47
0,15,39.89,116.39,39.9,116.38
2,21,39.79,116.42,39.78,116.42
5,13,39.95,116.47,39.95,116.47
1,20,39.94,116.52,39.93,116.54
1,13,39.91,116.35,39.91,116.35
3,7,39.91,116.65,39.93,116.64
2,18,39.97,116.26,39.97,116.26
2,20,39.91,116.46,39.9,116.47
3,17,40.0,116.48,39.99,116.47
1,18,39.92,116.37,39.92,116.36
4,19,39.81,116.45,39.82,116.44
4,12,40.1,116.37,40.1,116.36
2,17,39.9,116.38,39.9,116.39
6,6,39.91,116.11,39.91,116.1
3,12,39.91,116.27,39.91,116.27
6,5,39.95,116.35,39.94,116.35
4,19,39.91,116.36,39.91,116.36
0,19,39.87,116.39,39.87,116.42
0,19,39.93,116.37,39.93,116.39
4,6,39.88,116.29,39.87,116.31
0,18,39.98,116.48,39.97,116.49
5,17,39.97,116.35,39.97,116.34
1,17,39.87,116.42,39.87,116.43
4,14,39.99,116.29,40.0,116.29
3,19,39.94,116.46,39.93,116.46
4,16,39.86,116.42,39.87,116.42
4,8,39.79,116.42,39.8,116.42
4,8,39.88,116.33,39.88,116.33
1,7,40.38,116.83,40.38,116.83
5,18,39.85,116.43,39.85,116.43
1,7,39.91,116.29,39.91,116.29
4,6,39.9,116.18,39.91,116.18
4,6,40.15,116.28,40.15,116.29
3,13,39.96,116.3,39.96,116.3
4,22,40.03,116.41,40.03,116.41
1,8,39.85,116.37,39.85,116.37
5,15,39.95,116.34,39.95,116.34
1,15,40.04,116.36,40.03,116.36
3,20,39.92,116.48,39.92,116.48
0,9,40.0,116.31,39.99,116.31
2,4,39.8,116.34,39.8,116.34
6,10,39.94,116.44,39.94,116.44
0,20,39.76,116.55,39.75,116.55
6,21,40.08,116.35,40.09,116.35
3,6,39.75,116.58,39.75,116.59
6,20,39.89,116.27,39.89,116.26
5,11,39.89,116.37,39.89,116.37
5,13,39.97,116.21,39.97,116.21
4,15,39.89,116.49,39.89,116.49
2,12,39.87,116.28,39.87,116.28
5,13,39.87,116.41,39.86,116.41
2,14,39.76,116.34,39.76,116.35
3,19,39.96,116.51,39.96,116.5
6,15,39.93,116.42,39.93,116.42
1,11,39.86,116.29,39.85,116.3
6,5,40.11,116.27,40.1,116.27
4,18,39.93,116.18,39.92,116.17
4,20,39.91,116.19,39.9,116.2
6,18,39.73,116.46,39.72,116.46
5,20,39.93,116.18,39.93,116.18
5,8,40.0,116.3,40.0,116.31
0,12,39.95,116.44,39.94,116.43
1,7,39.9,116.44,39.89,116.44
2,16,39.88,116.68,39.88,116.68
3,6,39.76,116.62,39.75,116.61
3,13,39.86,116.5,39.86,116.5
1,17,40.0,116.59,39.99,116.61
4,12,39.92,116.26,39.92,116.26
0,16,39.86,116.39,39.85,116.39
3,6,39.9,116.58,39.91,116.58
2,7,39.89,116.51,39.89,116.5
6,23,39.94,116.33,39.94,116.33
5,17,39.89,116.27,39.89,116.27
3,6,39.93,116.58,39.93,116.58
2,8,39.99,116.36,39.99,116.36
1,12,39.86,116.39,39.85,116.39
0,18,39.94,116.28,39.94,116.28
4,7,39.84,116.43,39.84,116.43
1,22,39.91,116.61,39.91,116.61
5,11,39.96,116.34,39.96,116.34
2,5,39.96,116.39,39.95,116.39
1,11,39.93,116.34,39.93,116.33
3,18,39.87,116.42,39.87,116.42
0,8,39.97,116.29,39.96,116.28
3,13,39.63,116.09,39.63,116.08
3,11,39.96,116.28,39.96,116.28
5,16,39.8,116.48,39.8,116.48
6,12,40.09,116.73,40.1,116.72
1,6,39.92,116.59,39.92,116.58
3,17,39.89,116.32,39.89,116.31
4,11,39.99,116.37,39.99,116.37
3,13,39.99,116.36,39.98,116.35
2,16,39.93,116.2,39.92,116.21
4,19,39.91,116.27,39.92,116.27
4,17,39.86,116.47,39.87,116.46
4,12,39.82,116.29,39.81,116.3
6,19,39.9,116.23,39.89,116.23
0,23,39.85,116.53,39.85,116.53
5,14,40.1,116.37,40.1,116.37
3,17,39.9,116.5,39.9,116.51
0,21,39.84,116.3,39.85,116.29
0,18,40.12,116.65,40.13,116.64
0,8,39.85,116.38,39.84,116.38
4,7,39.99,116.33,39.99,116.33
4,6,39.85,116.34,39.85,116.34
4,21,39.95,116.2,39.94,116.2
5,15,39.85,116.4,39.84,116.4
6,13,40.05,116.43,40.04,116.43
6,15,39.99,116.63,39.98,116.63
5,13,39.87,116.35,39.87,116.35
4,10,39.82,116.37,39.81,116.37
6,14,39.96,116.35,39.95,116.35
1,13,39.85,116.43,39.86,116.42
4,20,39.76,116.49,39.76,116.5
4,12,39.92,116.48,39.92,116.48
3,19,39.94,116.19,39.93,116.19
6,7,39.82,116.37,39.83,116.37
2,18,39.89,116.3,39.88,116.3
1,18,39.84,116.3,39.86,116.29
2,16,39.9,116.42,39.89,116.43
3,11,39.88,116.34,39.89,116.34
2,17,39.96,116.27,39.95,116.29
0,19,39.9,116.49,39.9,116.51
5,9,39.86,116.47,39.86,116.47
0,5,39.85,116.37,39.85,116.37
4,20,39.86,116.44,39.87,116.44
3,20,40.04,116.41,40.04,116.43
1,10,40.0,116.43,39.99,116.42
6,14,40.06,116.42,40.06,116.42
4,23,39.84,116.32,39.84,116.32
3,20,39.81,116.58,39.8,116.58
6,14,39.92,116.61,39.93,116.6
3,12,39.94,116.12,39.94,116.12
2,17,40.0,116.48,39.99,116.47
6,8,39.76,116.21,39.76,116.21
4,6,40.08,116.31,40.08,116.33
2,12,39.93,116.11,39.93,116.13
0,6,39.95,116.33,39.94,116.33
3,8,39.89,116.6,39.88,116.65
2,15,39.95,116.3,39.95,116.3
2,11,39.99,116.37,40.0,116.37
4,17,39.94,116.37,39.93,116.37
5,23,39.96,116.36,39.96,116.36
5,18,39.77,116.56,39.76,116.55
4,14,39.97,116.4,39.96,116.41
4,12,39.9,116.53,39.9,116.52
3,20,39.92,116.5,39.91,116.51
3,8,39.81,116.53,39.81,116.52
1,7,39.99,116.34,39.99,116.35
6,3,39.84,116.37,39.83,116.37
4,13,39.75,116.28,39.75,116.29
0,18,39.86,116.24,39.85,116.25
0,19,39.87,116.5,39.86,116.51
4,10,39.97,116.42,39.96,116.42
0,19,39.92,116.52,39.92,116.52
5,17,40.07,116.37,40.07,116.36
0,19,39.76,116.55,39.76,116.55
2,13,39.91,116.11,39.91,116.12
2,21,39.98,116.36,39.98,116.35
6,16,39.92,116.45,39.93,116.45
5,19,39.91,116.22,39.9,116.22
4,5,39.78,116.42,39.79,116.42
1,14,39.9,116.36,39.89,116.37
4,16,40.12,116.26,40.12,116.27
5,11,40.08,116.41,40.07,116.41
2,7,39.85,116.82,39.85,116.82
1,17,39.89,116.4,39.89,116.39
2,15,39.73,116.57,39.73,116.56
2,17,39.75,116.33,39.75,116.33
6,21,39.98,116.37,39.97,116.37
0,20,39.91,116.51,39.91,116.55
4,7,39.96,116.4,39.95,116.4
5,20,39.91,116.5,39.91,116.5
1,11,39.87,116.31,39.88,116.31
1,17,39.99,116.47,40.0,116.47
3,10,39.81,116.34,39.8,116.33
1,12,39.83,116.28,39.82,116.29
0,19,39.97,116.33,40.0,116.33
4,20,39.84,116.42,39.85,116.42
3,8,39.85,116.38,39.85,116.39
1,13,39.98,116.35,39.97,116.34
1,18,40.11,116.37,40.1,116.37
4,10,40.04,116.42,40.04,116.41
5,17,39.89,116.48,39.89,116.48
2,18,39.91,116.3,39.91,116.29
2,17,39.99,116.31,39.99,116.3
3,11,40.03,116.45,40.06,116.44
0,8,39.94,116.27,39.93,116.32
6,9,39.9,116.4,39.89,116.4
6,16,40.03,116.29,40.03,116.28
3,7,39.87,116.47,39.87,116.46
5,12,39.96,116.5,39.97,116.49
3,17,39.93,116.33,39.93,116.33
3,12,40.04,116.31,40.04,116.31
6,18,39.85,116.38,39.85,116.38
2,21,39.73,116.33,39.72,116.33
4,19,39.85,116.41,39.85,116.41
2,12,40.09,116.29,40.09,116.29
0,12,39.88,116.39,39.87,116.39
6,18,40.03,116.27,40.03,116.28
0,7,39.95,116.37,39.96,116.36
4,11,39.83,116.37,39.84,116.36
0,17,39.99,116.31,39.99,116.31
5,5,39.62,116.32,39.62,116.33
6,8,40.0,116.47,40.01,116.46
4,10,39.8,116.41,39.79,116.42
3,15,39.97,116.38,39.96,116.41
5,7,39.79,116.33,39.79,116.35
5,11,39.95,116.47,39.95,116.47
5,17,39.93,116.33,39.92,116.33
1,6,39.81,116.58,39.8,116.59
6,19,39.99,116.32,39.98,116.33
3,13,39.86,116.43,39.86,116.43
0,19,39.88,116.5,39.88,116.5
5,20,39.93,116.18,39.93,116.18
1,17,40.07,116.34,40.08,116.33
0,9,39.89,116.12,39.89,116.12
3,7,39.87,116.49,39.87,116.48
1,10,39.88,116.32,39.87,116.39
3,9,39.9,116.47,39.89,116.47
2,19,39.85,116.45,39.84,116.46
4,23,40.02,116.28,40.03,116.28
6,8,39.93,116.51,39.92,116.52
4,16,39.96,116.37,39.96,116.36
1,7,39.77,116.34,39.78,116.33
3,8,39.91,116.51,39.9,116.51
4,6,39.97,116.42,39.97,116.42
3,19,39.84,116.45,39.83,116.45
3,7,39.9,116.31,39.91,116.3
2,15,39.91,116.56,39.92,116.55
6,19,39.95,116.52,39.94,116.52
3,23,39.96,116.42,39.96,116.42
5,15,39.9,116.58,39.89,116.58
4,7,39.88,116.47,39.87,116.46
3,20,39.91,116.31,39.91,116.31
2,14,39.88,116.22,39.87,116.23
0,12,39.98,116.43,39.97,116.42
3,18,40.12,116.25,40.12,116.26
0,8,39.93,116.31,39.93,116.31
3,8,39.91,116.44,39.91,116.45
2,18,39.99,116.31,40.0,116.3
0,21,39.84,116.35,39.84,116.35
4,19,39.88,116.4,39.87,116.42
4,15,39.97,116.49,40.0,116.48
4,7,39.89,116.32,39.9,116.31
6,7,39.88,116.47,39.87,116.47
4,19,39.95,116.41,39.95,116.41
3,7,40.01,116.55,40.0,116.58
5,16,39.97,116.34,39.97,116.34
4,6,39.91,116.21,39.9,116.22
3,6,39.92,116.66,39.92,116.66
6,1,39.77,116.44,39.76,116.43
5,9,39.76,116.49,39.76,116.48
6,23,39.96,116.36,39.96,116.36
0,18,39.72,116.34,39.73,116.33
3,8,39.96,116.3,39.96,116.31
6,19,39.89,116.47,39.88,116.46
4,13,40.05,116.29,40.05,116.28
6,20,39.82,116.55,39.81,116.55
4,19,39.93,116.38,39.94,116.38
5,11,39.94,116.31,39.94,116.3
4,12,39.9,116.24,39.91,116.24
2,14,39.91,116.41,39.92,116.41
6,22,40.11,116.37,40.11,116.36
1,17,39.91,116.34,39.91,116.34
3,8,39.98,116.41,39.98,116.41
6,14,40.1,116.37,40.11,116.37
0,5,39.82,116.25,39.82,116.25
3,7,39.91,116.27,39.9,116.31
5,16,39.85,116.4,39.85,116.42
5,14,40.07,116.33,40.07,116.33
4,5,39.72,116.47,39.72,116.47
5,11,39.85,116.42,39.85,116.41
5,19,39.93,116.17,39.93,116.17
0,18,39.95,116.33,39.95,116.34
1,13,39.91,116.43,39.9,116.42
2,8,39.89,116.45,39.89,116.46
6,13,39.88,116.33,39.88,116.32
6,0,39.95,116.41,39.95,116.41
3,16,39.91,116.59,39.93,116.58
0,16,39.86,116.38,39.86,116.38
2,18,39.88,116.34,39.88,116.33
0,14,40.12,116.26,40.12,116.25
3,11,39.81,116.21,39.82,116.21
2,6,40.01,116.4,40.0,116.41
3,7,39.84,116.4,39.85,116.4
3,6,39.91,116.52,39.91,116.51
3,17,39.95,116.32,39.95,116.32
6,9,39.97,116.47,40.0,116.46
2,20,39.95,116.47,39.96,116.46
1,10,39.81,116.4,39.81,116.4
5,11,40.09,116.41,40.09,116.41
3,20,39.75,116.21,39.75,116.21
0,18,39.87,116.37,39.87,116.38
1,12,39.89,116.18,39.89,116.17
5,9,39.89,116.44,39.9,116.43
4,7,39.91,116.5,39.9,116.52
1,19,39.97,116.25,39.98,116.25
3,11,40.06,116.38,40.07,116.38
6,14,39.87,116.44,39.87,116.44
3,15,39.87,116.48,39.87,116.48
0,19,39.86,116.7,39.86,116.71
6,21,39.96,116.3,39.97,116.3
3,20,39.9,116.23,39.9,116.23
4,7,39.93,116.48,39.92,116.48
4,18,39.88,116.63,39.88,116.63
1,21,40.12,116.33,40.12,116.33
1,7,39.98,116.42,39.98,116.42
4,18,39.93,116.21,39.93,116.21
4,7,39.88,116.46,39.88,116.46
3,19,39.94,116.35,39.95,116.35
4,6,39.93,116.6,39.93,116.6
4,19,39.84,116.38,39.83,116.37
4,7,39.91,116.25,39.91,116.25
3,19,39.89,116.44,39.89,116.44
5,17,39.92,116.52,39.92,116.54
3,6,39.85,116.44,39.85,116.45
3,19,40.0,116.48,39.99,116.47
6,15,39.86,116.36,39.86,116.38
3,19,39.91,116.51,39.91,116.54
3,19,39.84,116.39,39.84,116.38
1,8,39.89,116.48,39.89,116.49
3,7,39.82,116.38,39.81,116.37
5,9,39.94,116.35,39.93,116.35
4,11,39.94,116.19,39.93,116.19
3,17,39.92,116.47,39.92,116.46
5,15,40.0,116.3,40.0,116.3
0,19,39.86,116.48,39.86,116.48
6,22,39.86,116.48,39.88,116.47
6,10,39.98,116.32,39.98,116.31
0,18,40.05,116.42,40.04,116.41
2,14,39.95,116.47,39.95,116.47
3,7,39.87,116.47,39.87,116.46
6,18,39.88,116.48,39.88,116.48
4,9,39.91,116.28,39.9,116.28
1,17,39.84,116.42,39.85,116.41
5,11,39.96,116.49,39.96,116.51
6,20,39.83,116.37,39.83,116.37
3,17,39.98,116.5,39.97,116.49
2,15,39.83,116.31,39.83,116.31
1,12,39.94,116.41,39.93,116.43
0,22,39.87,116.41,39.86,116.43
3,17,39.92,116.37,39.91,116.37
4,20,39.85,116.41,39.84,116.42
3,20,39.74,116.55,39.74,116.55
2,7,40.08,116.53,40.07,116.54
0,13,39.8,116.42,39.8,116.41
1,21,39.91,116.55,39.92,116.55
4,19,39.91,116.54,39.91,116.54
0,22,39.92,116.54,39.92,116.53
1,6,40.0,116.47,40.0,116.49
3,18,39.77,116.21,39.77,116.21
3,11,39.86,116.24,39.86,116.23
4,13,39.93,116.46,39.93,116.46
4,10,39.95,116.35,39.94,116.35
4,20,39.95,116.12,39.94,116.12
2,17,39.86,116.31,39.86,116.3
4,17,39.91,116.34,39.9,116.33
5,9,39.76,116.5,39.76,116.49
6,2,39.84,116.47,39.84,116.48
3,16,39.91,116.68,39.91,116.68
4,17,39.91,116.52,39.92,116.51
3,11,39.8,116.49,39.8,116.48
6,19,39.92,116.33,39.92,116.32
5,19,39.93,116.46,39.93,116.47
4,14,39.86,116.43,39.86,116.42
2,7,39.93,116.44,39.93,116.43
6,15,39.91,116.33,39.91,116.33
2,18,39.73,116.12,39.73,116.12
6,8,39.92,116.52,39.92,116.51
6,7,39.83,116.16,39.82,116.17
4,8,39.89,116.33,39.88,116.33
4,17,39.83,116.3,39.84,116.29
0,6,39.9,116.26,39.91,116.25
0,13,39.97,116.39,39.96,116.39
6,12,39.98,116.36,39.97,116.38
2,9,39.8,116.37,39.81,116.37
5,13,39.94,116.33,39.93,116.33
1,7,40.04,116.4,40.04,116.41
6,14,39.95,116.41,39.95,116.41
4,9,39.76,116.49,39.76,116.52
6,8,39.94,116.31,39.94,116.31
2,17,39.91,116.19,39.91,116.18
5,14,40.05,116.3,40.04,116.31
0,10,39.99,116.34,39.99,116.33
3,12,39.92,116.27,39.91,116.26
2,19,40.06,116.34,40.05,116.33
3,9,40.09,116.24,40.1,116.24
3,22,39.9,116.26,39.9,116.26
6,18,40.22,116.22,40.21,116.24
3,18,39.89,116.46,39.88,116.47
1,14,40.19,116.71,40.2,116.71
1,9,39.85,116.45,39.86,116.44
3,16,39.88,116.49,39.88,116.48
4,19,40.1,116.35,40.1,116.35
1,21,40.03,116.28,40.03,116.28
4,21,40.04,116.28,40.03,116.27
3,14,39.91,116.28,39.91,116.28
3,17,39.92,116.56,39.92,116.56
1,15,39.99,116.32,39.99,116.32
3,10,40.0,116.49,40.0,116.49
2,19,39.76,116.55,39.76,116.54
3,9,39.97,116.49,39.98,116.48
6,18,39.94,116.32,39.93,116.32
2,7,39.89,116.33,39.89,116.32
0,7,39.85,116.47,39.86,116.46
2,11,39.89,116.35,39.89,116.37
6,8,39.96,116.35,39.95,116.34
5,10,39.88,116.48,39.87,116.48
3,9,39.89,116.5,39.89,116.5
3,17,39.91,116.31,39.91,116.3
6,17,39.97,116.41,39.97,116.41
3,21,39.93,116.38,39.93,116.37
6,17,39.94,116.44,39.93,116.45
3,8,39.86,116.42,39.85,116.44
4,13,39.8,116.51,39.81,116.5
3,13,39.84,116.34,39.85,116.33
3,18,39.95,116.47,39.95,116.47
0,18,39.91,116.31,39.91,116.31
4,7,39.97,116.34,39.97,116.35
2,21,39.87,116.41,39.89,116.41
6,16,39.96,116.34,39.96,116.34
6,8,39.74,116.33,39.75,116.33
6,8,39.91,116.56,39.91,116.56
6,18,39.93,116.4,39.94,116.4
2,8,39.92,116.19,39.92,116.18
5,20,40.0,116.42,40.01,116.41
6,13,39.92,116.28,39.93,116.28
3,20,39.82,116.37,39.81,116.37
3,16,39.93,116.33,39.93,116.33
5,8,39.85,116.41,39.85,116.41
6,8,39.81,116.42,39.8,116.42
1,17,39.85,116.4,39.86,116.39
1,11,39.9,116.48,39.91,116.48
3,18,40.1,116.31,40.1,116.3
1,8,39.93,116.45,39.92,116.52
3,13,39.71,116.19,39.71,116.19
6,8,39.92,116.34,39.92,116.34
2,18,39.89,116.32,39.89,116.32
0,21,40.0,116.36,40.0,116.38
4,7,39.93,116.35,39.92,116.37
2,8,39.98,116.34,39.98,116.34
1,12,39.95,116.33,39.95,116.33
6,18,39.86,116.53,39.85,116.52
6,18,39.88,116.48,39.89,116.48
6,15,39.86,116.32,39.86,116.31
1,6,39.84,116.36,39.85,116.35
2,10,39.9,116.48,39.9,116.47
1,12,39.95,116.34,39.95,116.34
6,13,39.88,116.33,39.88,116.33
2,20,39.94,116.35,39.95,116.34
3,7,40.0,116.4,39.99,116.42
1,7,39.91,116.56,39.91,116.56
1,11,39.89,116.36,39.89,116.35
3,9,39.86,116.4,39.86,116.4
1,16,39.91,116.27,39.91,116.27
1,14,39.91,116.28,39.92,116.27
5,17,39.98,116.33,39.98,116.33
0,18,39.91,116.18,39.91,116.19
0,12,40.07,116.25,40.07,116.24
6,10,40.04,116.42,40.04,116.42
6,10,39.8,116.42,39.79,116.43
0,17,40.04,116.31,40.03,116.32
6,9,39.97,116.3,39.97,116.3
1,17,39.78,116.53,39.78,116.53
3,18,39.84,116.4,39.85,116.4
4,8,39.89,116.38,39.9,116.37
3,18,39.91,116.26,39.9,116.26
3,21,39.85,116.34,39.85,116.34
3,19,40.07,116.41,40.07,116.41
6,7,39.77,116.27,39.79,116.26
6,6,40.07,116.54,40.07,116.55
3,16,39.88,116.46,39.88,116.45
3,12,39.96,116.3,39.96,116.29
6,17,39.95,116.39,39.94,116.4
4,6,40.01,116.5,40.02,116.49
6,21,39.97,116.3,39.97,116.3
1,12,40.01,116.33,40.01,116.33
0,8,40.08,116.32,40.07,116.31
5,10,39.87,116.48,39.88,116.48
6,15,39.87,116.56,39.87,116.56
4,8,39.86,116.24,39.86,116.23
3,15,39.93,116.26,39.92,116.3
2,6,39.85,116.42,39.86,116.41
0,17,39.91,116.27,39.91,116.27
1,11,39.79,116.42,39.79,116.42
4,16,39.89,116.46,39.89,116.46
6,18,39.84,116.34,39.83,116.34
6,12,39.94,116.45,39.94,116.44
3,18,39.93,116.5,39.93,116.5
5,22,39.93,116.22,39.93,116.22
2,19,39.89,116.29,39.88,116.3
3,17,39.8,116.33,39.81,116.33
6,21,39.87,116.45,39.87,116.45
1,12,39.91,116.21,39.91,116.2
5,21,39.97,116.3,39.96,116.3
0,20,39.8,116.46,39.8,116.46
3,17,39.68,116.59,39.68,116.59
3,10,39.88,116.46,39.88,116.46
4,8,39.81,116.37,39.81,116.36
4,8,39.87,116.44,39.87,116.44
3,7,39.95,116.29,39.96,116.28
3,11,40.07,116.24,40.07,116.24
4,20,39.91,116.49,39.91,116.49
5,11,39.85,116.34,39.85,116.33
0,17,39.91,116.23,39.9,116.24
4,5,39.82,116.31,39.82,116.3
6,19,39.87,116.61,39.87,116.61
3,7,39.98,116.41,39.97,116.41
3,12,39.92,116.56,39.92,116.56
4,8,39.83,116.31,39.83,116.31
3,7,39.99,116.33,39.98,116.34
1,6,40.04,116.51,40.04,116.52
2,14,39.92,116.45,39.91,116.45
1,17,39.96,116.47,39.96,116.46
4,7,39.95,116.35,39.94,116.35
3,17,39.9,116.47,39.89,116.46
1,7,39.93,116.09,39.94,116.09
6,8,39.88,116.48,39.88,116.48
5,16,39.91,116.12,39.91,116.12
2,17,39.88,116.39,39.88,116.4
3,17,39.79,116.49,39.8,116.48
2,12,39.9,116.4,39.9,116.42
4,8,39.96,116.38,39.96,116.38
1,21,39.86,116.53,39.86,116.54
3,17,39.88,116.37,39.87,116.37
6,15,39.89,116.48,39.89,116.48
2,16,39.91,116.2,39.91,116.2
3,12,39.74,116.56,39.73,116.56
1,13,39.85,116.36,39.85,116.35
6,14,39.81,116.43,39.82,116.43
1,12,39.8,116.32,39.79,116.33
3,22,39.99,116.35,40.01,116.34
0,11,39.94,116.62,39.95,116.61
3,12,40.12,116.59,40.12,116.59
0,10,39.8,116.05,39.81,116.05
6,21,39.84,116.37,39.84,116.37
6,10,39.92,116.71,39.92,116.72
0,20,39.86,116.5,39.86,116.51
2,13,39.93,116.42,39.93,116.42
5,16,39.93,116.18,39.92,116.17
4,12,40.07,116.35,40.07,116.34
3,18,39.91,116.19,39.91,116.18
1,19,39.95,116.47,39.95,116.47
3,17,39.89,116.61,39.9,116.6
4,7,39.95,116.26,39.95,116.26
4,19,39.96,116.5,39.96,116.5
0,5,39.93,116.32,39.92,116.32
4,9,39.92,116.46,39.92,116.46
1,7,39.81,116.58,39.81,116.57
2,7,39.81,116.4,39.81,116.4
5,9,39.91,116.25,39.91,116.25
6,10,39.93,116.23,39.93,116.23
3,16,39.99,116.38,39.99,116.39
5,12,39.88,116.53,39.87,116.53
3,18,39.93,116.27,39.93,116.26
6,10,39.88,116.48,39.87,116.48
5,6,39.92,116.21,39.92,116.21
3,9,39.97,116.42,39.97,116.42
4,11,39.95,116.32,39.94,116.33
2,13,39.93,116.33,39.93,116.33
3,10,40.03,116.32,40.04,116.31
0,8,39.98,116.37,39.97,116.41
3,20,40.01,116.38,40.01,116.37
0,19,39.85,116.71,39.84,116.71
2,14,39.93,116.19,39.93,116.2
6,9,39.85,116.43,39.85,116.42
3,7,39.83,116.21,39.86,116.2
3,7,39.78,116.4,39.77,116.4
4,11,39.97,116.4,39.97,116.4
0,15,39.88,116.35,39.87,116.35
3,18,39.99,116.51,39.99,116.5
3,17,39.87,116.49,39.87,116.48
4,19,39.87,116.3,39.86,116.31
2,17,39.97,116.49,39.97,116.49
5,13,39.89,116.36,39.88,116.36
3,13,39.93,116.2,39.94,116.19
6,10,39.98,116.32,39.97,116.31
4,15,40.1,116.64,40.1,116.64
0,18,39.96,116.36,39.96,116.37
3,14,40.09,116.42,40.08,116.41
1,12,39.87,116.37,39.88,116.37
3,8,39.96,116.44,39.96,116.43
3,18,39.93,116.18,39.93,116.18
0,8,39.94,116.46,39.94,116.45
4,17,39.98,116.31,39.98,116.3
1,21,39.87,116.37,39.88,116.36
3,10,40.0,116.31,40.0,116.31
6,22,40.0,116.31,40.0,116.3
4,17,39.96,116.42,39.97,116.42
6,20,39.83,116.56,39.83,116.57
2,16,39.89,116.42,39.88,116.42
3,20,40.1,116.29,40.1,116.29
2,18,39.91,116.54,39.9,116.57
6,16,39.92,116.19,39.91,116.2
5,18,39.93,116.46,39.93,116.46
3,10,39.96,116.44,39.95,116.43
0,22,39.86,116.27,39.86,116.26
1,15,39.91,116.46,39.91,116.46
3,19,39.91,116.3,39.93,116.3
0,20,39.76,116.55,39.77,116.55
3,20,39.86,116.54,39.86,116.54
4,7,40.08,116.41,40.07,116.41
2,12,39.93,116.2,39.93,116.19
3,16,39.78,116.32,39.79,116.31
0,12,39.83,116.19,39.83,116.19
1,8,40.01,116.46,40.01,116.47
0,14,39.89,116.47,39.9,116.47
5,15,39.86,116.47,39.86,116.46
1,7,39.85,116.38,39.84,116.39
1,8,39.92,116.44,39.92,116.44
3,21,39.78,116.36,39.78,116.37
6,7,39.9,116.24,39.9,116.24
2,20,39.89,116.46,39.89,116.47
5,8,39.91,116.46,39.9,116.46
3,8,39.88,116.29,39.87,116.3
3,19,39.89,116.71,39.89,116.76
1,7,39.86,116.38,39.86,116.39
3,15,39.9,116.27,39.9,116.27
5,8,39.92,116.52,39.92,116.54
3,16,40.03,116.44,40.02,116.47
2,18,39.76,116.34,39.77,116.33
3,9,39.91,116.42,39.91,116.42
3,7,39.96,116.45,39.96,116.45
0,17,39.96,116.37,39.96,116.36
0,6,39.85,116.43,39.85,116.43
6,22,39.91,116.57,39.91,116.56
6,20,39.93,116.62,39.92,116.62
2,8,39.83,116.32,39.84,116.32
6,10,39.95,116.4,39.94,116.41
